nickname,age,height,partidas_jogadas,distancia_total_m,aceleracao_maxima_ms2,aceleracao_media_positiva_ms2,hsr_count,sprint_count,alta_aceleracao_count,aceleracao_explosiva_count,player_id,team_name,distancia_total_m_por_partida,hsr_count_por_partida,sprint_count_por_partida,alta_aceleracao_count_por_partida,aceleracao_explosiva_count_por_partida,cluster
Matheus Pereira,27,175.0,15,7600.88,26.34,2.42,0.0,0.0,8.4,12.33,2044,Cruzeiro,506.72533333333337,0.0,0.0,0.56,0.822,1
William,28,176.0,32,8748.67,25.18,2.3,0.0,0.0,13.94,17.56,4995,Cruzeiro,273.3959375,0.0,0.0,0.435625,0.54875,1
Rafael,33,186.0,36,4400.48,21.69,1.29,0.0,0.0,1.53,1.94,6918,Cruzeiro,122.23555555555555,0.0,0.0,0.0425,0.05388888888888889,0
Joao Marcelo,23,189.0,5,3522.11,31.62,2.19,0.0,0.0,4.8,5.2,8545,Cruzeiro,704.422,0.0,0.0,0.96,1.04,1
Arthur Gomes,25,174.0,20,7287.42,25.89,2.44,0.0,0.0,12.1,13.15,11624,Cruzeiro,364.371,0.0,0.0,0.605,0.6575,1
Paulo Vitor,24,170.0,8,1970.09,28.24,2.56,0.0,0.0,4.12,3.5,11867,Cruzeiro,246.26125,0.0,0.0,0.515,0.4375,1
Marlon,26,178.0,35,9536.97,23.62,2.37,0.0,0.0,12.97,15.6,12963,Cruzeiro,272.48485714285715,0.0,0.0,0.3705714285714286,0.44571428571428573,1
Helibelton Palacios,30,181.0,10,6765.63,25.27,2.37,0.0,0.0,12.8,11.9,13239,Cruzeiro,676.563,0.0,0.0,1.28,1.19,1
Matheus Jussa,27,183.0,24,8218.4,24.18,2.28,0.0,0.0,10.67,15.17,16188,Cruzeiro,342.43333333333334,0.0,0.0,0.44458333333333333,0.6320833333333333,1
Anderson Paixão,25,190.0,1,3338.94,19.19,1.02,0.0,0.0,0.0,0.0,18510,Cruzeiro,3338.94,0.0,0.0,0.0,0.0,0
Lucas Oliveira,27,187.0,15,8192.55,23.18,1.97,0.0,0.0,13.53,15.6,18512,Cruzeiro,546.17,0.0,0.0,0.9019999999999999,1.04,1
Reynaldo,26,186.0,2,3616.4,22.87,2.31,0.0,0.0,5.0,4.0,18513,Cruzeiro,1808.2,0.0,0.0,2.5,2.0,1
Neris,31,192.0,26,8296.58,24.54,2.18,0.0,0.0,9.04,10.5,18514,Cruzeiro,319.09923076923076,0.0,0.0,0.34769230769230763,0.40384615384615385,1
Luciano Castán,33,187.0,35,9030.54,23.3,2.14,0.0,0.0,12.03,13.74,18515,Cruzeiro,258.0154285714286,0.0,0.0,0.3437142857142857,0.39257142857142857,1
Kaiki,20,172.0,8,3109.58,22.63,2.33,0.0,0.0,5.12,6.5,18516,Cruzeiro,388.6975,0.0,0.0,0.64,0.8125,1
Igor Formiga,24,175.0,3,3318.07,24.78,2.31,0.0,0.0,6.0,8.33,18518,Cruzeiro,1106.0233333333333,0.0,0.0,2.0,2.776666666666667,1
Richard,29,191.0,4,9959.24,24.42,2.06,0.0,0.0,23.5,23.5,18519,Cruzeiro,2489.81,0.0,0.0,5.875,5.875,2
Wallisson,25,184.0,10,4189.06,22.92,2.11,0.0,0.0,11.6,10.0,18520,Cruzeiro,418.90600000000006,0.0,0.0,1.16,1.0,1
Filipe Machado,27,174.0,34,7091.13,23.46,2.12,0.0,0.0,10.97,10.38,18521,Cruzeiro,208.56264705882353,0.0,0.0,0.32264705882352945,0.3052941176470588,1
Ramiro,29,169.0,5,8279.71,25.71,2.13,0.0,0.0,16.6,16.8,18522,Cruzeiro,1655.9419999999998,0.0,0.0,3.3200000000000003,3.3600000000000003,1
Fernando Henrique,22,182.0,7,2545.95,22.42,2.22,0.0,0.0,5.0,5.57,18523,Cruzeiro,363.70714285714286,0.0,0.0,0.7142857142857143,0.7957142857142857,1
Neto Moura,26,176.0,12,4482.22,23.15,2.03,0.0,0.0,10.0,10.83,18524,Cruzeiro,373.5183333333334,0.0,0.0,0.8333333333333334,0.9025,1
Ian Luccas,20,188.0,14,4150.0,24.76,2.39,0.0,0.0,5.79,8.79,18525,Cruzeiro,296.42857142857144,0.0,0.0,0.4135714285714286,0.6278571428571428,1
Mateus Vital,25,175.0,32,6773.49,25.28,2.24,0.0,0.0,11.19,14.69,18526,Cruzeiro,211.6715625,0.0,0.0,0.3496875,0.4590625,1
Nikão,31,174.0,21,4247.23,25.11,2.25,0.0,0.0,5.57,7.71,18527,Cruzeiro,202.2490476190476,0.0,0.0,0.2652380952380953,0.36714285714285716,1
Daniel Júnior,21,177.0,3,1559.1,22.11,2.27,0.0,0.0,2.33,5.0,18528,Cruzeiro,519.6999999999999,0.0,0.0,0.7766666666666667,1.6666666666666667,1
Stênio,20,180.0,13,2913.56,22.97,2.33,0.0,0.0,5.15,8.92,18530,Cruzeiro,224.12,0.0,0.0,0.3961538461538462,0.6861538461538461,1
Rafael Bilu,24,174.0,4,2526.56,23.15,2.25,0.0,0.0,8.0,4.75,18531,Cruzeiro,631.64,0.0,0.0,2.0,1.1875,1
Gilberto,34,178.0,19,5783.46,23.14,2.13,0.0,0.0,11.63,12.37,18568,Cruzeiro,304.3926315789474,0.0,0.0,0.6121052631578948,0.6510526315789473,1
Wesley,24,175.0,28,6569.02,24.1,2.32,0.0,0.0,11.25,14.43,18576,Cruzeiro,234.60785714285717,0.0,0.0,0.4017857142857143,0.5153571428571428,1
Lucas Silva,30,181.0,20,8450.31,24.01,2.27,0.0,0.0,11.2,14.4,18578,Cruzeiro,422.5155,0.0,0.0,0.5599999999999999,0.72,1
Bruno Rodrigues,26,177.0,34,8932.72,23.45,2.38,0.0,0.0,12.24,15.76,18579,Cruzeiro,262.7270588235294,0.0,0.0,0.36,0.46352941176470586,1
Henrique Dourado,33,186.0,10,2895.56,21.82,2.03,0.0,0.0,5.1,4.2,18719,Cruzeiro,289.556,0.0,0.0,0.51,0.42000000000000004,1
Robert,18,180.4719562243502,9,2672.32,21.68,2.47,0.0,0.0,6.78,4.33,19334,Cruzeiro,296.9244444444445,0.0,0.0,0.7533333333333334,0.4811111111111111,1
Rafael Elias,24,179.0,12,4627.23,22.73,2.29,0.0,0.0,6.67,8.33,20673,Cruzeiro,385.60249999999996,0.0,0.0,0.5558333333333333,0.6941666666666667,1
João Pedro,20,178.0,1,1912.96,22.48,2.89,0.0,0.0,4.0,3.0,24307,Cruzeiro,1912.96,0.0,0.0,4.0,3.0,1
Luis Fernando,18,175.0,1,1382.01,22.07,2.45,0.0,0.0,4.0,4.0,24319,Cruzeiro,1382.01,0.0,0.0,4.0,4.0,1
Japa,19,186.0,7,6056.17,22.93,2.38,0.0,0.0,8.0,12.43,24320,Cruzeiro,865.1671428571428,0.0,0.0,1.1428571428571428,1.7757142857142856,1
Higor Meritão,29,186.0,8,3750.83,23.16,2.23,0.0,0.0,5.75,9.88,3533,Goiás,468.85375,0.0,0.0,0.71875,1.235,1
Allano,28,182.0,19,7172.34,25.66,2.26,0.0,0.0,15.79,16.16,11608,Goiás,377.49157894736845,0.0,0.0,0.8310526315789474,0.8505263157894737,1
Anderson Oliveira,25,169.0,20,7306.51,23.9,2.27,0.0,0.0,11.6,14.05,11652,Goiás,365.32550000000003,0.0,0.0,0.58,0.7025,1
Raphael Guzzo,28,178.0,14,5335.14,24.46,2.14,0.14,0.0,7.43,10.64,11678,Goiás,381.0814285714286,0.01,0.0,0.5307142857142857,0.76,1
Matheus Babi,26,191.0,17,5973.72,23.06,2.26,0.0,0.0,9.59,12.53,13417,Goiás,351.3952941176471,0.0,0.0,0.5641176470588235,0.7370588235294118,1
Tadeu,31,184.0,35,4589.0,21.49,1.37,0.0,0.0,2.77,2.94,17979,Goiás,131.11428571428573,0.0,0.0,0.07914285714285714,0.084,0
Marcelo Rangel,34,186.0,3,4004.46,21.42,1.16,0.0,0.0,0.33,4.0,17980,Goiás,1334.82,0.0,0.0,0.11,1.3333333333333333,0
Lucas Halter,23,188.0,30,8743.65,25.51,2.1,0.0,0.0,10.0,13.27,17982,Goiás,291.455,0.0,0.0,0.3333333333333333,0.4423333333333333,1
Sidimar,31,185.0,18,5818.89,22.87,2.07,0.0,0.0,7.11,8.06,17985,Goiás,323.2716666666667,0.0,0.0,0.395,0.44777777777777783,1
Edu,23,185.0,9,4920.01,21.9,2.06,0.0,0.0,5.22,7.22,17986,Goiás,546.6677777777778,0.0,0.0,0.58,0.8022222222222222,1
Bruno Melo,30,183.0,33,8827.37,23.92,2.12,0.0,0.0,10.73,13.15,17988,Goiás,267.4960606060606,0.0,0.0,0.3251515151515152,0.3984848484848485,1
Sander,32,177.0,21,7942.71,23.98,2.38,0.0,0.0,12.62,15.57,17989,Goiás,378.2242857142857,0.0,0.0,0.6009523809523809,0.7414285714285714,1
Bruno Santos,30,182.0,8,6160.82,23.65,2.33,0.0,0.0,8.75,11.0,17990,Goiás,770.1025,0.0,0.0,1.09375,1.375,1
Maguinho,31,175.0,34,9233.78,23.42,2.29,0.03,0.0,12.35,16.44,17991,Goiás,271.5817647058824,0.0008823529411764705,0.0,0.36323529411764705,0.48352941176470593,1
Willian Oliveira,30,179.0,31,8367.64,23.28,2.16,0.0,0.0,13.74,16.06,17992,Goiás,269.9238709677419,0.0,0.0,0.4432258064516129,0.5180645161290323,1
Zé Ricardo,24,180.0,13,9095.95,25.54,2.09,0.0,0.0,16.69,15.69,17993,Goiás,699.6884615384616,0.0,0.0,1.2838461538461539,1.206923076923077,1
Jhonny Lucas,23,170.0,2,1572.38,23.68,2.22,0.0,0.0,5.5,2.0,17995,Goiás,786.19,0.0,0.0,2.75,1.0,1
Fellipe Bastos,33,178.0,1,4191.95,23.62,2.27,0.0,0.0,8.0,5.0,17996,Goiás,4191.95,0.0,0.0,8.0,5.0,2
Julián Palacios,24,169.0,27,6385.71,24.04,2.31,0.0,0.0,10.33,11.56,17998,Goiás,236.5077777777778,0.0,0.0,0.3825925925925926,0.42814814814814817,1
Vinícius,30,179.0,23,5534.71,25.85,2.36,0.04,0.0,11.65,10.43,18000,Goiás,240.6395652173913,0.0017391304347826088,0.0,0.5065217391304347,0.4534782608695652,1
Diego Gonçalves,28,182.0,10,4096.69,23.96,2.36,0.0,0.0,8.3,10.0,18001,Goiás,409.669,0.0,0.0,0.8300000000000001,1.0,1
Pedro Junqueira,19,182.0,4,5818.48,23.86,2.25,0.0,0.0,17.0,13.25,18002,Goiás,1454.62,0.0,0.0,4.25,3.3125,1
Alesson,24,173.0,23,3492.56,23.26,2.42,0.0,0.0,5.78,6.65,18004,Goiás,151.8504347826087,0.0,0.0,0.25130434782608696,0.2891304347826087,1
Apodi,36,172.0,13,3464.22,23.97,2.35,0.0,0.0,6.23,5.38,18005,Goiás,266.47846153846154,0.0,0.0,0.47923076923076924,0.41384615384615386,1
Matheusinho,24,176.0,7,3386.5,23.52,2.35,0.0,0.0,6.0,8.14,18006,Goiás,483.7857142857143,0.0,0.0,0.8571428571428571,1.162857142857143,1
Matheus Peixoto,27,190.0,13,7025.7,23.78,2.22,0.0,0.0,8.31,11.38,18007,Goiás,540.4384615384615,0.0,0.0,0.6392307692307693,0.8753846153846154,1
Gabriel Novaes,24,183.0,3,3509.46,22.13,2.46,0.0,0.0,3.0,4.67,18008,Goiás,1169.82,0.0,0.0,1.0,1.5566666666666666,1
Lucas Emmanuel,22,185.0,2,3469.99,22.86,2.34,0.0,0.0,4.0,6.0,18009,Goiás,1734.995,0.0,0.0,2.0,3.0,1
Breno Herculano,24,189.0,3,3038.19,22.83,2.14,0.0,0.0,5.33,5.67,18010,Goiás,1012.73,0.0,0.0,1.7766666666666666,1.89,1
Philippe Costa,23,188.0,4,3164.51,22.59,2.3,0.0,0.0,4.75,6.5,18011,Goiás,791.1275,0.0,0.0,1.1875,1.625,1
Hugo,26,179.0,19,8209.69,24.09,2.32,0.0,0.0,10.16,13.21,18082,Goiás,432.0889473684211,0.0,0.0,0.5347368421052632,0.6952631578947369,1
Dieguinho,27,175.0,15,7877.3,23.47,2.23,0.0,0.0,10.27,14.0,18084,Goiás,525.1533333333333,0.0,0.0,0.6846666666666666,0.9333333333333333,1
Everton Morelli,25,185.0,32,9463.68,23.55,2.2,0.0,0.0,14.31,20.25,18298,Goiás,295.74,0.0,0.0,0.4471875,0.6328125,1
Guilherme,32,174.0,30,7103.73,23.97,2.15,0.03,0.0,10.2,12.9,18594,Goiás,236.791,0.001,0.0,0.33999999999999997,0.43,1
Dodozinho,22,171.0,15,2862.76,23.4,2.26,0.0,0.0,5.4,5.8,18778,Goiás,190.85066666666668,0.0,0.0,0.36000000000000004,0.38666666666666666,1
Eduardo Simioni,20,180.4719562243502,1,4953.86,23.11,1.91,0.0,0.0,13.0,7.0,18836,Goiás,4953.86,0.0,0.0,13.0,7.0,2
Luís Oyama,26,171.0,9,7361.46,25.97,2.0,0.0,0.0,17.0,11.44,19571,Goiás,817.94,0.0,0.0,1.8888888888888888,1.271111111111111,1
Joao Magno,26,195.0,19,5808.02,22.58,2.29,0.05,0.0,7.42,11.16,19572,Goiás,305.6852631578948,0.002631578947368421,0.0,0.39052631578947367,0.5873684210526315,1
Luis Mina,20,187.0,1,4416.67,26.41,1.91,0.0,0.0,6.0,11.0,23248,Goiás,4416.67,0.0,0.0,6.0,11.0,2
Denzel Damasceno,20,191.0,1,3155.83,23.14,2.27,0.0,0.0,1.0,6.0,23519,Goiás,3155.83,0.0,0.0,1.0,6.0,1
Xavier,19,180.4719562243502,1,6587.45,22.66,2.28,0.0,0.0,12.0,11.0,24603,Goiás,6587.45,0.0,0.0,12.0,11.0,2
Halerrandrio,17,175.0,1,3146.42,22.9,2.23,0.0,0.0,5.0,2.0,24908,Goiás,3146.42,0.0,0.0,5.0,2.0,1
Tomás Pochettino,27,180.0,34,6803.27,24.75,2.2,0.0,0.0,10.82,15.26,2364,Fortaleza,200.09617647058826,0.0,0.0,0.31823529411764706,0.4488235294117647,1
Caio Alexandre,24,174.0,33,8781.52,24.56,2.15,0.0,0.0,15.61,17.97,2530,Fortaleza,266.1066666666667,0.0,0.0,0.473030303030303,0.5445454545454546,1
Tobias Figueiredo,29,188.0,2,8058.77,22.19,2.2,0.0,0.0,10.0,10.5,7010,Fortaleza,4029.385,0.0,0.0,5.0,5.25,2
Imanol Machuca,23,170.0,14,4442.33,22.25,2.61,0.0,0.0,3.93,3.64,14817,Fortaleza,317.3092857142857,0.0,0.0,0.28071428571428575,0.26,1
Calebe,23,173.0,26,5869.05,23.62,2.1,0.0,0.0,7.5,10.65,15810,Fortaleza,225.7326923076923,0.0,0.0,0.28846153846153844,0.4096153846153846,1
Marinho,33,169.0,19,5857.83,25.04,2.38,0.0,0.0,7.26,9.58,16130,Fortaleza,308.3068421052632,0.0,0.0,0.3821052631578947,0.5042105263157894,1
João Ricardo,34,186.0,31,4204.48,20.92,1.26,0.0,0.0,1.23,1.81,16166,Fortaleza,135.6283870967742,0.0,0.0,0.03967741935483871,0.05838709677419355,0
Lucas Crispim,29,178.0,15,2926.68,25.23,2.33,0.0,0.0,3.13,4.53,16167,Fortaleza,195.112,0.0,0.0,0.20866666666666667,0.302,1
Romarinho,29,168.0,10,3263.71,23.08,2.33,0.0,0.0,4.6,6.7,16168,Fortaleza,326.371,0.0,0.0,0.45999999999999996,0.67,1
Fernando Miguel,38,191.0,5,3119.43,20.43,1.16,0.0,0.0,1.4,1.8,16171,Fortaleza,623.886,0.0,0.0,0.27999999999999997,0.36,0
Zé Welison,28,177.0,26,7315.81,26.19,2.1,0.0,0.0,9.38,11.38,16172,Fortaleza,281.3773076923077,0.0,0.0,0.3607692307692308,0.4376923076923077,1
Silvio Romero,34,175.0,16,2966.73,22.55,2.31,0.0,0.0,2.81,5.5,16173,Fortaleza,185.420625,0.0,0.0,0.175625,0.34375,1
Emanuel Brítez,31,178.0,30,9072.21,23.79,2.16,0.0,0.0,9.37,11.3,16174,Fortaleza,302.407,0.0,0.0,0.3123333333333333,0.3766666666666667,1
Tinga,29,179.0,29,9541.22,26.17,2.27,0.0,0.0,10.55,15.31,16175,Fortaleza,329.0075862068965,0.0,0.0,0.36379310344827587,0.5279310344827587,1
Moisés,26,175.0,6,6085.54,23.75,2.02,0.0,0.0,9.5,11.17,16176,Fortaleza,1014.2566666666667,0.0,0.0,1.5833333333333333,1.8616666666666666,1
Yago Pikachu,31,169.0,36,5398.96,23.58,2.26,0.0,0.0,11.11,12.72,16177,Fortaleza,149.9711111111111,0.0,0.0,0.3086111111111111,0.35333333333333333,1
Brayan Ceballos,21,189.0,3,7113.09,23.76,2.04,0.0,0.0,11.0,10.33,16181,Fortaleza,2371.03,0.0,0.0,3.6666666666666665,3.4433333333333334,1
Pedro Rocha,29,175.0,3,1695.71,21.44,2.65,0.0,0.0,1.0,2.33,16183,Fortaleza,565.2366666666667,0.0,0.0,0.3333333333333333,0.7766666666666667,1
Hércules,22,178.0,13,6672.19,25.97,2.11,0.0,0.0,10.46,12.46,16184,Fortaleza,513.2453846153846,0.0,0.0,0.8046153846153847,0.9584615384615385,1
Titi,35,188.0,32,8795.58,23.79,2.13,0.0,0.0,9.81,12.84,16186,Fortaleza,274.861875,0.0,0.0,0.3065625,0.40125,1
Marcelo Benevenuto,27,181.0,11,9018.92,23.47,2.06,0.0,0.0,10.91,13.45,16187,Fortaleza,819.9018181818182,0.0,0.0,0.9918181818181818,1.2227272727272727,1
Bruno Pacheco,31,174.0,30,8826.02,24.53,2.4,0.0,0.0,7.9,10.53,16189,Fortaleza,294.2006666666667,0.0,0.0,0.26333333333333336,0.351,1
Lucas Sasha,33,177.0,17,5857.95,22.75,2.14,0.0,0.0,7.12,11.29,16190,Fortaleza,344.58529411764704,0.0,0.0,0.4188235294117647,0.6641176470588235,1
Juan Martín Lucero,31,179.0,30,7195.18,24.52,2.29,0.0,0.0,8.13,12.73,16191,Fortaleza,239.83933333333334,0.0,0.0,0.271,0.42433333333333334,1
Thiago Galhardo,34,183.0,29,6009.23,23.01,2.17,0.0,0.0,7.93,10.97,16192,Fortaleza,207.2148275862069,0.0,0.0,0.27344827586206893,0.3782758620689655,1
Dudu,26,175.0,5,5019.72,24.57,2.39,0.0,0.0,8.6,8.6,16715,Fortaleza,1003.9440000000001,0.0,0.0,1.72,1.72,1
Guilherme Augusto,28,178.0,28,5414.62,24.29,2.44,0.0,0.0,10.75,10.61,17016,Fortaleza,193.37928571428571,0.0,0.0,0.38392857142857145,0.3789285714285714,1
Vinicius Zanocelo,22,185.0,6,2229.98,23.19,2.2,0.0,0.0,4.83,4.5,17967,Fortaleza,371.66333333333336,0.0,0.0,0.805,0.75,1
Kauan,18,174.0,1,2383.06,22.87,2.04,0.0,0.0,1.0,3.0,18085,Fortaleza,2383.06,0.0,0.0,1.0,3.0,1
Mauricio Kozlinski,31,191.0,1,3531.2,21.66,1.07,0.0,0.0,3.0,6.0,18373,Fortaleza,3531.2,0.0,0.0,3.0,6.0,0
Gonzalo Escobar,26,171.0,11,5131.94,22.48,2.62,0.0,0.0,6.27,9.09,19612,Fortaleza,466.53999999999996,0.0,0.0,0.57,0.8263636363636363,1
Pedro Augusto,26,181.0,11,4376.67,24.47,2.39,0.0,0.0,4.0,5.18,19902,Fortaleza,397.8790909090909,0.0,0.0,0.36363636363636365,0.4709090909090909,1
Matheus Fernandes,25,183.0,33,7587.35,23.4,2.32,0.0,0.0,12.67,12.88,1520,Red_Bull_Bragantino,229.919696969697,0.0,0.0,0.3839393939393939,0.3903030303030303,1
Vitinho,24,181.0,33,6763.98,24.39,2.59,0.0,0.0,13.88,13.58,8378,Red_Bull_Bragantino,204.9690909090909,0.0,0.0,0.42060606060606065,0.4115151515151515,1
Lucas Cunha,26,186.0,1,7377.76,23.43,2.19,0.0,0.0,6.0,10.0,11542,Red_Bull_Bragantino,7377.76,0.0,0.0,6.0,10.0,2
Ignacio Laquintana,24,173.0,4,5087.73,22.95,2.22,0.0,0.0,12.25,12.0,15187,Red_Bull_Bragantino,1271.9325,0.0,0.0,3.0625,3.0,1
Eduardo Sasha,31,173.0,33,7259.2,23.69,2.34,0.0,0.0,10.03,14.3,15805,Red_Bull_Bragantino,219.97575757575757,0.0,0.0,0.3039393939393939,0.43333333333333335,1
Lucão,22,190.0,5,4133.98,22.36,1.21,0.0,0.0,2.2,3.6,18012,Red_Bull_Bragantino,826.7959999999999,0.0,0.0,0.44000000000000006,0.72,0
Léo Ortiz,27,185.0,20,7976.17,25.27,2.28,0.0,0.0,7.25,10.2,18014,Red_Bull_Bragantino,398.8085,0.0,0.0,0.3625,0.51,1
Natan,22,188.0,10,8476.78,23.43,2.21,0.0,0.0,12.5,17.7,18015,Red_Bull_Bragantino,847.6780000000001,0.0,0.0,1.25,1.77,1
Leonardo Realpe,22,186.0,21,8121.57,23.22,2.23,0.0,0.0,8.81,12.29,18017,Red_Bull_Bragantino,386.74142857142857,0.0,0.0,0.4195238095238095,0.5852380952380952,1
Luan Patrick,21,190.0,14,8055.88,22.96,2.28,0.0,0.0,9.64,14.0,18018,Red_Bull_Bragantino,575.42,0.0,0.0,0.6885714285714286,1.0,1
Luan Cândido,22,187.0,22,5351.8,24.17,2.59,0.0,0.0,5.32,7.36,18019,Red_Bull_Bragantino,243.26363636363638,0.0,0.0,0.24181818181818182,0.33454545454545453,1
Juninho Capixaba,26,176.0,34,9231.25,24.44,2.49,0.0,0.0,14.59,19.35,18020,Red_Bull_Bragantino,271.50735294117646,0.0,0.0,0.42911764705882355,0.5691176470588236,1
Andrés Hurtado,21,178.0,25,6932.96,23.27,2.54,0.0,0.0,8.24,11.72,18021,Red_Bull_Bragantino,277.3184,0.0,0.0,0.3296,0.46880000000000005,1
Aderlan,32,182.0,22,7303.69,23.31,2.42,0.0,0.0,9.05,12.64,18022,Red_Bull_Bragantino,331.98590909090905,0.0,0.0,0.4113636363636364,0.5745454545454546,1
Jadsom,22,176.0,31,6918.8,24.69,2.35,0.0,0.0,9.55,13.45,18023,Red_Bull_Bragantino,223.18709677419355,0.0,0.0,0.3080645161290323,0.43387096774193545,1
Raul,27,180.0,3,4334.43,23.26,2.05,0.0,0.0,8.33,13.67,18024,Red_Bull_Bragantino,1444.8100000000002,0.0,0.0,2.776666666666667,4.556666666666667,1
Bruno Praxedes,21,186.0,1,870.75,23.12,2.71,0.0,0.0,2.0,3.0,18025,Red_Bull_Bragantino,870.75,0.0,0.0,2.0,3.0,1
Eric Ramires,22,174.0,23,6795.13,23.52,2.3,0.0,0.0,16.52,19.0,18026,Red_Bull_Bragantino,295.4404347826087,0.0,0.0,0.7182608695652174,0.8260869565217391,1
Lucas Evangelista,28,181.0,33,9560.46,23.85,2.41,0.0,0.0,13.36,16.64,18027,Red_Bull_Bragantino,289.71090909090907,0.0,0.0,0.40484848484848485,0.5042424242424243,1
Helinho,23,175.0,24,6088.11,24.03,2.41,0.0,0.0,11.79,13.33,18028,Red_Bull_Bragantino,253.67125,0.0,0.0,0.49124999999999996,0.5554166666666667,1
Sorriso,22,175.0,23,4774.33,23.08,2.55,0.0,0.0,7.22,9.91,18029,Red_Bull_Bragantino,207.5795652173913,0.0,0.0,0.3139130434782609,0.43086956521739134,1
Thiago Borbas,21,186.0,33,4884.63,23.02,2.4,0.0,0.0,7.55,10.12,18031,Red_Bull_Bragantino,148.01909090909092,0.0,0.0,0.2287878787878788,0.30666666666666664,1
Alerrandro,23,176.0,14,3209.31,24.28,2.3,0.0,0.0,6.93,7.36,18032,Red_Bull_Bragantino,229.23642857142858,0.0,0.0,0.495,0.5257142857142857,1
Bruninho,20,174.0,16,5268.64,25.05,2.33,0.0,0.0,9.19,12.5,18033,Red_Bull_Bragantino,329.29,0.0,0.0,0.574375,0.78125,1
Cleiton,26,190.0,33,4616.16,21.93,1.4,0.0,0.0,1.88,2.42,18087,Red_Bull_Bragantino,139.88363636363636,0.0,0.0,0.05696969696969697,0.07333333333333333,0
Matheus Gonçalves,18,175.0,12,4581.28,23.65,2.58,0.0,0.0,9.08,11.92,18360,Red_Bull_Bragantino,381.7733333333333,0.0,0.0,0.7566666666666667,0.9933333333333333,1
Talisson,21,188.0,7,2845.73,22.61,2.71,0.0,0.0,5.14,4.86,18388,Red_Bull_Bragantino,406.53285714285715,0.0,0.0,0.7342857142857142,0.6942857142857143,1
Gustavinho,19,176.0,19,4350.87,23.88,2.33,0.0,0.0,7.16,10.47,18391,Red_Bull_Bragantino,228.99315789473684,0.0,0.0,0.3768421052631579,0.5510526315789473,1
Nathan Camargo,17,177.0,1,1894.34,22.45,2.59,0.0,0.0,3.0,6.0,18392,Red_Bull_Bragantino,1894.34,0.0,0.0,3.0,6.0,1
Henry Mosquera,21,175.0,21,5588.91,24.34,2.57,0.0,0.0,10.33,11.14,18600,Red_Bull_Bragantino,266.1385714285714,0.0,0.0,0.4919047619047619,0.5304761904761905,1
Eduarod Santos,25,196.0,13,8018.24,23.66,2.29,0.0,0.0,9.46,14.08,18601,Red_Bull_Bragantino,616.7876923076923,0.0,0.0,0.7276923076923077,1.083076923076923,1
Guilherme Lopes,21,178.0,9,3340.96,22.9,2.69,0.0,0.0,5.22,5.44,18602,Red_Bull_Bragantino,371.21777777777777,0.0,0.0,0.58,0.6044444444444445,1
Yani Quintero,21,186.0,3,4085.06,22.92,2.51,0.0,0.0,4.33,6.33,19606,Red_Bull_Bragantino,1361.6866666666667,0.0,0.0,1.4433333333333334,2.11,1
Cipriano,20,196.0,1,7497.83,21.28,3.02,0.0,0.0,1.0,0.0,19607,Red_Bull_Bragantino,7497.83,0.0,0.0,1.0,0.0,1
Lucas Rafael,25,188.0,3,6609.89,23.08,2.23,0.0,0.0,9.0,10.33,23117,Red_Bull_Bragantino,2203.2966666666666,0.0,0.0,3.0,3.4433333333333334,1
David Luiz,36,189.0,14,6837.22,23.08,2.15,0.0,0.0,5.93,9.36,148,Flamengo,488.3728571428572,0.0,0.0,0.42357142857142854,0.6685714285714285,1
Arturo Vidal,35,180.0,5,4594.53,23.26,2.21,0.0,0.0,5.6,8.0,1527,Flamengo,918.906,0.0,0.0,1.1199999999999999,1.6,1
Luiz Araújo,27,175.0,20,4430.11,26.58,2.42,0.0,0.0,4.5,7.35,3963,Flamengo,221.50549999999998,0.0,0.0,0.225,0.3675,1
Gerson,26,184.0,32,9125.03,24.77,2.22,0.0,0.0,14.19,16.94,3981,Flamengo,285.1571875,0.0,0.0,0.4434375,0.529375,1
Everton,27,174.0,32,5852.72,24.2,2.42,0.0,0.0,10.16,11.25,8006,Flamengo,182.8975,0.0,0.0,0.3175,0.3515625,1
Pedro,26,185.0,34,6658.62,25.36,2.31,0.0,0.0,8.79,9.62,13830,Flamengo,195.84176470588235,0.0,0.0,0.25852941176470584,0.2829411764705882,1
Everton Ribeiro,34,174.0,30,5518.28,23.82,2.21,0.0,0.0,8.83,12.07,13831,Flamengo,183.94266666666667,0.0,0.0,0.29433333333333334,0.4023333333333333,1
Guillermo Varela,30,173.0,4,6337.54,22.82,2.38,0.0,0.0,8.25,9.5,13927,Flamengo,1584.385,0.0,0.0,2.0625,2.375,1
Giorgian De Arrascaeta,29,174.0,27,7277.05,23.83,2.44,0.0,0.0,6.7,8.56,13930,Flamengo,269.52037037037036,0.0,0.0,0.24814814814814815,0.31703703703703706,1
Agustin Rossi,28,193.0,15,5339.4,21.4,1.69,0.0,0.0,2.33,1.0,14338,Flamengo,355.96,0.0,0.0,0.15533333333333335,0.06666666666666667,0
Santos,33,188.0,5,3715.64,21.28,1.12,0.0,0.0,2.0,2.2,16123,Flamengo,743.1279999999999,0.0,0.0,0.4,0.44000000000000006,0
Gabriel Barbosa,26,178.0,25,6236.1,24.48,2.28,0.0,0.0,11.04,13.8,16124,Flamengo,249.44400000000002,0.0,0.0,0.4416,0.552,1
Fabrício Bruno,27,190.0,33,9129.65,24.77,2.18,0.0,0.0,9.85,12.97,16125,Flamengo,276.6560606060606,0.0,0.0,0.29848484848484846,0.39303030303030306,1
Filipe Luís,38,182.0,10,5820.65,24.6,2.29,0.0,0.0,5.6,9.1,16126,Flamengo,582.0649999999999,0.0,0.0,0.5599999999999999,0.9099999999999999,1
Bruno Henrique,32,184.0,28,5776.73,25.42,2.43,0.0,0.0,10.32,11.61,16127,Flamengo,206.3117857142857,0.0,0.0,0.3685714285714286,0.41464285714285715,1
Victor Hugo,19,182.0,29,4618.21,23.44,2.26,0.0,0.0,6.52,7.79,16128,Flamengo,159.24862068965518,0.0,0.0,0.22482758620689652,0.26862068965517244,1
Rodrigo Caio,30,183.0,5,1988.23,21.48,2.34,0.0,0.0,0.8,2.0,16129,Flamengo,397.646,0.0,0.0,0.16,0.4,1
Marinho,32,169.0,4,2591.52,22.76,2.17,0.0,0.0,5.0,5.5,16130,Flamengo,647.88,0.0,0.0,1.25,1.375,1
Matheuzinho,23,171.0,11,5983.78,24.33,2.55,0.0,0.0,5.0,6.45,16131,Flamengo,543.98,0.0,0.0,0.45454545454545453,0.5863636363636364,1
Matheus França,19,184.0,8,4490.63,21.92,2.35,0.0,0.0,4.0,5.75,16132,Flamengo,561.32875,0.0,0.0,0.5,0.71875,1
Erick Pulgar,29,187.0,24,9601.37,25.33,2.22,0.0,0.0,11.42,18.46,16135,Flamengo,400.05708333333337,0.0,0.0,0.47583333333333333,0.7691666666666667,1
Ayrton Lucas,26,180.0,34,7988.57,24.83,2.31,0.0,0.0,10.09,13.97,16136,Flamengo,234.95794117647057,0.0,0.0,0.29676470588235293,0.4108823529411765,1
Thiago Maia,26,179.0,31,7604.02,23.61,2.22,0.0,0.0,7.84,12.9,16137,Flamengo,245.2909677419355,0.0,0.0,0.2529032258064516,0.4161290322580645,1
Allan,26,172.0,9,6084.33,23.14,2.28,0.0,0.0,6.89,9.33,16704,Flamengo,676.0366666666666,0.0,0.0,0.7655555555555555,1.0366666666666666,1
Pablo,32,188.0,7,6282.1,22.54,2.13,0.0,0.0,6.43,8.57,16716,Flamengo,897.4428571428572,0.0,0.0,0.9185714285714285,1.2242857142857144,1
Léo Pereira,27,189.0,31,8179.63,25.6,2.44,0.0,0.0,4.81,6.16,16735,Flamengo,263.85903225806453,0.0,0.0,0.15516129032258064,0.19870967741935483,1
Matheus Cunha,22,193.0,18,3823.19,22.3,1.18,0.0,0.0,1.72,3.28,16737,Flamengo,212.39944444444444,0.0,0.0,0.09555555555555556,0.1822222222222222,0
Wesley,19,173.0,34,7412.13,23.9,2.54,0.0,0.0,5.71,5.71,18333,Flamengo,218.00382352941176,0.0,0.0,0.16794117647058823,0.16794117647058823,1
Igor,20,179.0,4,2278.18,20.71,2.52,0.0,0.0,1.0,0.5,18359,Flamengo,569.545,0.0,0.0,0.25,0.125,1
Matheus Gonçalves,17,175.0,2,1127.82,17.9,2.09,0.0,0.0,0.0,0.5,18360,Flamengo,563.91,0.0,0.0,0.0,0.25,1
André Luiz,21,185.0,2,1065.26,20.02,2.49,0.0,0.0,2.0,1.0,18620,Flamengo,532.63,0.0,0.0,1.0,0.5,1
Pedrinho,20,177.0,1,2106.24,20.0,2.78,0.0,0.0,0.0,1.0,23509,Flamengo,2106.24,0.0,0.0,0.0,1.0,1
Nicolás Acevedo,24,173.0,29,7113.04,24.81,2.47,0.0,0.0,4.17,5.0,978,Bahia,245.27724137931034,0.0,0.0,0.14379310344827587,0.1724137931034483,1
Kayky,19,172.0,9,4813.52,24.29,2.31,0.0,0.0,8.33,7.78,5959,Bahia,534.8355555555556,0.0,0.0,0.9255555555555556,0.8644444444444445,1
Gilberto,30,181.0,19,9441.07,23.95,2.44,0.0,0.0,11.84,14.53,7997,Bahia,496.8984210526316,0.0,0.0,0.6231578947368421,0.7647368421052632,1
Rafael Ratao,27,183.0,16,4736.04,24.01,2.47,0.0,0.0,8.88,8.88,9862,Bahia,296.0025,0.0,0.0,0.555,0.555,1
Diego Rosa,20,182.0,10,3071.12,22.23,2.33,0.0,0.0,2.4,3.6,11677,Bahia,307.11199999999997,0.0,0.0,0.24,0.36,1
Arthur Sales,20,184.0,8,3246.29,22.84,2.3,0.0,0.0,6.62,7.88,11757,Bahia,405.78625,0.0,0.0,0.8275,0.985,1
Vitor Hugo,32,187.0,25,8069.03,22.72,2.33,0.0,0.0,8.0,8.16,11999,Bahia,322.7612,0.0,0.0,0.32,0.3264,1
Camilo Cándido,28,174.0,17,6647.42,24.22,2.72,0.0,0.0,4.24,5.24,15152,Bahia,391.0247058823529,0.0,0.0,0.24941176470588236,0.30823529411764705,1
Léo Cittadini,29,179.0,6,2601.77,21.92,2.31,0.0,0.0,1.83,4.83,15782,Bahia,433.62833333333333,0.0,0.0,0.305,0.805,1
Ademir,28,172.0,30,5784.3,24.45,2.51,0.0,0.0,5.97,8.0,15806,Bahia,192.81,0.0,0.0,0.19899999999999998,0.26666666666666666,1
Yago Felipe,28,174.0,22,6144.03,24.78,2.51,0.0,0.0,5.55,6.36,16147,Bahia,279.2740909090909,0.0,0.0,0.25227272727272726,0.2890909090909091,1
Marcos Felipe,27,188.0,34,4752.83,21.68,1.42,0.0,0.0,2.47,2.56,18440,Bahia,139.78911764705882,0.0,0.0,0.07264705882352941,0.07529411764705883,0
Claus,28,194.0,1,2698.98,20.14,1.36,0.0,0.0,1.0,1.0,18441,Bahia,2698.98,0.0,0.0,1.0,1.0,0
Danilo Fernandes,35,188.0,1,1515.94,18.78,1.22,0.0,0.0,1.0,0.0,18442,Bahia,1515.94,0.0,0.0,1.0,0.0,0
Kanu,26,186.0,30,9059.65,23.63,2.3,0.0,0.0,8.93,10.1,18443,Bahia,301.98833333333334,0.0,0.0,0.29766666666666663,0.33666666666666667,1
Raul Gustavo,24,189.0,6,4297.18,21.89,2.6,0.0,0.0,6.0,8.33,18444,Bahia,716.1966666666667,0.0,0.0,1.0,1.3883333333333334,1
David Duarte,28,193.0,11,8016.81,22.55,2.17,0.0,0.0,6.73,7.64,18445,Bahia,728.8009090909092,0.0,0.0,0.6118181818181818,0.6945454545454545,1
Marcos Victor,21,184.0,1,875.33,16.18,2.34,0.0,0.0,0.0,0.0,18446,Bahia,875.33,0.0,0.0,0.0,0.0,1
Gabriel Xavier,22,190.0,13,7766.76,22.24,2.45,0.0,0.0,4.46,4.46,18447,Bahia,597.4430769230769,0.0,0.0,0.34307692307692306,0.34307692307692306,1
Jhoanner Chávez,21,182.0,10,6330.95,21.11,2.6,0.0,0.0,6.5,6.5,18448,Bahia,633.095,0.0,0.0,0.65,0.65,1
Matheus Bahia,23,181.0,10,4783.31,20.72,2.79,0.0,0.0,2.3,1.2,18449,Bahia,478.331,0.0,0.0,0.22999999999999998,0.12,1
Ryan Carlos Santos De Sousa,21,172.0,8,6384.56,21.4,2.5,0.0,0.0,1.12,1.25,18450,Bahia,798.07,0.0,0.0,0.14,0.15625,1
Cicinho,34,168.0,13,6123.93,20.91,2.62,0.0,0.0,2.92,2.38,18451,Bahia,471.07153846153847,0.0,0.0,0.2246153846153846,0.18307692307692308,1
Rezende,28,186.0,31,9153.82,25.49,2.36,0.0,0.0,10.94,12.97,18452,Bahia,295.2845161290322,0.0,0.0,0.3529032258064516,0.41838709677419356,1
Danielzinho,27,173.0,5,2180.05,20.93,2.24,0.0,0.0,3.2,3.2,18453,Bahia,436.01000000000005,0.0,0.0,0.64,0.64,1
Thaciano,28,182.0,32,8843.11,25.71,2.51,0.0,0.0,6.25,7.72,18454,Bahia,276.3471875,0.0,0.0,0.1953125,0.24125,1
Patrick Verhon,18,174.0,1,551.56,24.49,2.92,0.0,0.0,0.0,0.0,18455,Bahia,551.56,0.0,0.0,0.0,0.0,1
Cauly Oliveira Souza,27,175.0,29,8462.38,23.32,2.49,0.0,0.0,7.69,8.59,18456,Bahia,291.8062068965517,0.0,0.0,0.26517241379310347,0.2962068965517241,1
Lucas Mugni,31,184.0,15,3126.34,24.89,2.72,0.0,0.0,3.67,4.93,18458,Bahia,208.4226666666667,0.0,0.0,0.24466666666666667,0.32866666666666666,1
Gabriel Teixeira,22,170.0,23,5649.19,24.21,2.55,0.0,0.0,8.04,9.87,18459,Bahia,245.61695652173913,0.0,0.0,0.3495652173913043,0.42913043478260865,1
Vitor Jacaré,23,168.0,16,5232.83,22.88,2.61,0.0,0.0,4.81,4.88,18460,Bahia,327.051875,0.0,0.0,0.300625,0.305,1
Everaldo,32,182.0,31,6786.77,22.17,2.5,0.0,0.0,5.65,6.48,18560,Bahia,218.92806451612904,0.0,0.0,0.18225806451612905,0.20903225806451614,1
André,19,178.0,3,4622.75,22.42,2.65,0.0,0.0,4.33,4.0,18571,Bahia,1540.9166666666667,0.0,0.0,1.4433333333333334,1.3333333333333333,1
Vinicius Mingotti,23,190.0,16,4419.02,24.04,2.44,0.0,0.0,5.81,6.31,18781,Bahia,276.18875,0.0,0.0,0.363125,0.394375,1
Luciano Juba,24,176.0,13,5234.83,21.29,2.74,0.0,0.0,2.77,1.69,23456,Bahia,402.67923076923074,0.0,0.0,0.21307692307692308,0.13,1
Diego Costa,35,186.0,13,4519.06,23.01,2.41,0.0,0.0,5.77,9.23,1395,Botafogo,347.62,0.0,0.0,0.44384615384615383,0.7100000000000001,1
Marcal,34,178.0,22,7985.26,23.66,2.33,0.0,0.0,11.45,15.91,1906,Botafogo,362.96636363636367,0.0,0.0,0.5204545454545454,0.7231818181818181,1
Luis Henrique,21,181.0,34,4771.33,24.9,2.37,0.0,0.0,8.88,12.09,3988,Botafogo,140.33323529411766,0.0,0.0,0.26117647058823534,0.35558823529411765,1
Joao Victor,29,178.0,33,6762.74,26.11,2.34,0.0,0.0,14.24,14.52,5005,Botafogo,204.93151515151516,0.0,0.0,0.4315151515151515,0.44,1
Danilo Barbosa,27,183.0,23,5219.63,23.69,2.21,0.0,0.0,6.91,9.04,7365,Botafogo,226.9404347826087,0.0,0.0,0.30043478260869566,0.39304347826086955,1
Leonel Di Placido,29,176.0,32,7758.85,24.63,2.34,0.0,0.0,10.75,13.41,14526,Botafogo,242.4640625,0.0,0.0,0.3359375,0.4190625,1
Diego Hernández,23,175.0,2,2961.57,22.83,2.47,0.0,0.0,5.0,6.5,15411,Botafogo,1480.785,0.0,0.0,2.5,3.25,1
Mateo Ponte,20,183.0,1,2302.62,21.28,2.54,0.0,0.0,1.0,0.0,15455,Botafogo,2302.62,0.0,0.0,1.0,0.0,1
Júnior Santos,28,188.0,37,6093.64,23.29,2.36,0.0,0.0,8.86,9.81,16185,Botafogo,164.692972972973,0.0,0.0,0.23945945945945946,0.26513513513513515,1
Matías Segovia,20,165.0,21,3754.71,23.0,2.44,0.0,0.0,3.62,8.57,17377,Botafogo,178.7957142857143,0.0,0.0,0.17238095238095238,0.4080952380952381,1
Lucas Perri,25,197.0,38,4358.97,20.94,1.33,0.0,0.0,1.08,1.66,17924,Botafogo,114.70973684210527,0.0,0.0,0.028421052631578948,0.04368421052631579,0
Gatito Fernández,35,191.0,1,1577.38,21.26,0.92,0.0,0.0,0.0,0.0,17925,Botafogo,1577.38,0.0,0.0,0.0,0.0,0
Adryelson,25,184.0,35,8591.65,24.58,2.16,0.0,0.0,8.66,11.11,17928,Botafogo,245.47571428571428,0.0,0.0,0.24742857142857144,0.3174285714285714,1
Luis Segovia,25,182.0,2,4846.8,31.77,2.18,0.0,0.0,8.0,7.5,17929,Botafogo,2423.4,0.0,0.0,4.0,3.75,1
Victor Cuesta,34,187.0,35,9105.68,25.11,2.15,0.0,0.0,9.31,13.43,17930,Botafogo,260.1622857142857,0.0,0.0,0.266,0.38371428571428573,1
Philipe Sampaio,28,191.0,12,4408.63,25.57,2.16,0.0,0.0,2.58,3.25,17931,Botafogo,367.3858333333333,0.0,0.0,0.215,0.2708333333333333,1
Daniel Borges,30,174.0,1,5115.71,23.09,2.71,0.0,0.0,10.0,13.0,17934,Botafogo,5115.71,0.0,0.0,10.0,13.0,2
Marlon Freitas,28,185.0,36,9571.77,25.86,2.15,0.0,0.0,13.33,17.89,17935,Botafogo,265.8825,0.0,0.0,0.37027777777777776,0.49694444444444447,1
Breno,22,177.0,1,1595.51,17.66,2.55,0.0,0.0,2.0,2.0,17936,Botafogo,1595.51,0.0,0.0,2.0,2.0,1
Gabriel Pires,30,187.0,16,6277.21,24.91,2.24,0.0,0.0,17.06,14.56,17938,Botafogo,392.325625,0.0,0.0,1.06625,0.91,1
Tchê Tchê,30,175.0,36,8170.04,24.64,2.17,0.0,0.0,13.58,16.75,17939,Botafogo,226.94555555555556,0.0,0.0,0.37722222222222224,0.4652777777777778,1
Kayque,22,176.0,2,1918.91,23.43,2.14,0.0,0.0,1.5,4.0,17940,Botafogo,959.455,0.0,0.0,0.75,2.0,1
Lucas Piazon,29,182.0,1,2528.34,22.66,2.46,0.0,0.0,6.0,3.0,17941,Botafogo,2528.34,0.0,0.0,6.0,3.0,1
Lucas Fernandes,25,175.0,13,4507.3,22.59,2.4,0.0,0.0,7.23,7.85,17942,Botafogo,346.7153846153846,0.0,0.0,0.5561538461538462,0.6038461538461538,1
Gustavo Sauer,30,181.0,6,4844.7,23.7,2.23,0.0,0.0,4.17,11.17,17944,Botafogo,807.4499999999999,0.0,0.0,0.695,1.8616666666666666,1
Carlos Alberto,21,181.0,15,2633.57,22.33,2.38,0.0,0.0,4.13,5.0,17945,Botafogo,175.57133333333334,0.0,0.0,0.2753333333333333,0.3333333333333333,1
Matheus Nascimento,19,182.0,5,2586.34,22.75,2.49,0.0,0.0,2.8,5.8,17946,Botafogo,517.268,0.0,0.0,0.5599999999999999,1.16,1
Tiquinho Soares,32,187.0,33,7480.88,24.41,2.31,0.0,0.0,8.21,9.97,17947,Botafogo,226.69333333333333,0.0,0.0,0.2487878787878788,0.3021212121212121,1
Hugo,21,175.0,22,6859.75,25.78,2.43,0.0,0.0,8.68,13.23,18080,Botafogo,311.8068181818182,0.0,0.0,0.39454545454545453,0.6013636363636364,1
Rafael,32,172.0,9,5943.01,27.12,2.3,0.0,0.0,5.78,8.67,18105,Botafogo,660.3344444444444,0.0,0.0,0.6422222222222222,0.9633333333333334,1
Carlos Eduardo,33,184.0,34,9135.27,25.09,2.26,0.0,0.0,9.09,17.5,18106,Botafogo,268.6844117647059,0.0,0.0,0.26735294117647057,0.5147058823529411,1
Raí,21,175.0,1,573.01,18.8,2.37,0.0,0.0,0.0,1.0,18380,Botafogo,573.01,0.0,0.0,0.0,1.0,1
Janderson,24,189.0,18,2766.19,23.79,2.51,0.0,0.0,4.22,4.28,18603,Botafogo,153.6772222222222,0.0,0.0,0.23444444444444443,0.23777777777777778,1
JP Galvão,22,184.0,4,5417.69,22.28,2.63,0.0,0.0,3.75,10.5,18835,Botafogo,1354.4225,0.0,0.0,0.9375,2.625,1
Bastos,32,180.0,4,3204.72,25.6,1.96,0.0,0.0,3.0,3.25,24065,Botafogo,801.18,0.0,0.0,0.75,0.8125,1
Newton,23,180.4719562243502,1,1541.03,22.64,2.81,0.0,0.0,0.0,4.0,24481,Botafogo,1541.03,0.0,0.0,0.0,4.0,1
Thiago Santos,33,181.0,16,5529.68,24.0,2.27,0.0,0.0,7.31,8.88,790,Fluminense_FC,345.605,0.0,0.0,0.456875,0.555,1
Marcelo,35,174.0,19,7063.87,25.16,2.21,0.0,0.0,10.74,12.11,1680,Fluminense_FC,371.78263157894736,0.0,0.0,0.5652631578947368,0.6373684210526316,1
Leonardo Fernández,24,166.0,18,4418.47,23.13,2.28,0.0,0.0,6.28,7.56,3335,Fluminense_FC,245.47055555555556,0.0,0.0,0.3488888888888889,0.42,1
Marlon,28,182.0,15,6477.35,23.82,2.17,0.0,0.0,5.73,9.4,8644,Fluminense_FC,431.8233333333334,0.0,0.0,0.382,0.6266666666666667,1
Vitor Eudes,25,194.0,1,5003.15,21.35,1.47,0.0,0.0,3.0,1.0,13603,Fluminense_FC,5003.15,0.0,0.0,3.0,1.0,0
Ganso,33,184.0,27,6821.0,23.4,2.26,0.0,0.0,9.22,10.22,16139,Fluminense_FC,252.62962962962962,0.0,0.0,0.3414814814814815,0.37851851851851853,1
Germán Cano,35,176.0,30,8619.09,25.5,2.21,0.0,0.0,9.63,15.67,16141,Fluminense_FC,287.303,0.0,0.0,0.321,0.5223333333333333,1
Alan,33,178.0,1,4743.29,22.43,1.96,0.0,0.0,8.0,6.0,16144,Fluminense_FC,4743.29,0.0,0.0,8.0,6.0,2
Alexandre Jesus,21,184.0,1,1767.95,20.74,2.64,0.0,0.0,0.0,1.0,16145,Fluminense_FC,1767.95,0.0,0.0,0.0,1.0,1
Samuel Xavier,33,166.0,25,9033.29,24.68,2.27,0.0,0.0,12.12,15.84,16146,Fluminense_FC,361.33160000000004,0.0,0.0,0.48479999999999995,0.6335999999999999,1
Jhon Arias,25,168.0,29,9056.11,23.44,2.36,0.0,0.0,19.28,17.07,16148,Fluminense_FC,312.2796551724138,0.0,0.0,0.6648275862068966,0.5886206896551724,1
Pedro Rangel,23,192.0,2,4556.14,30.3,1.44,0.0,0.0,1.5,1.5,16149,Fluminense_FC,2278.07,0.0,0.0,0.75,0.75,0
Keno,33,174.0,24,7129.45,24.22,2.41,0.0,0.0,13.46,13.17,16150,Fluminense_FC,297.06041666666664,0.0,0.0,0.5608333333333334,0.54875,1
Manoel,33,181.0,6,4910.06,24.14,2.01,0.0,0.0,4.83,7.5,16151,Fluminense_FC,818.3433333333334,0.0,0.0,0.805,1.25,1
Nino,26,188.0,26,8367.15,24.33,2.11,0.0,0.0,7.54,11.5,16154,Fluminense_FC,321.8134615384615,0.0,0.0,0.29,0.4423076923076923,1
Alexsander,19,177.0,19,7367.97,23.82,2.23,0.0,0.0,9.05,13.11,16155,Fluminense_FC,387.78789473684213,0.0,0.0,0.47631578947368425,0.69,1
Giovanni,21,176.0,5,2798.94,22.74,2.08,0.0,0.0,3.2,5.2,16156,Fluminense_FC,559.788,0.0,0.0,0.64,1.04,1
Vitor Mendes,24,186.0,2,5458.2,22.91,2.06,0.0,0.0,15.5,10.5,16157,Fluminense_FC,2729.1,0.0,0.0,7.75,5.25,2
David Braz,36,188.0,18,5120.51,23.44,2.29,0.0,0.0,3.94,5.89,16159,Fluminense_FC,284.47277777777776,0.0,0.0,0.21888888888888888,0.3272222222222222,1
Lima,27,181.0,35,8197.41,25.13,2.38,0.0,0.0,9.46,12.2,16160,Fluminense_FC,234.2117142857143,0.0,0.0,0.2702857142857143,0.34857142857142853,1
Felipe Melo,40,183.0,19,4852.84,23.69,2.09,0.0,0.0,5.11,7.26,16161,Fluminense_FC,255.41263157894738,0.0,0.0,0.26894736842105266,0.3821052631578947,1
André,22,176.0,31,9531.6,24.85,2.18,0.0,0.0,11.29,16.84,16163,Fluminense_FC,307.4709677419355,0.0,0.0,0.3641935483870967,0.5432258064516129,1
Martinelli,21,176.0,28,7683.86,23.56,2.27,0.0,0.0,9.29,14.61,16164,Fluminense_FC,274.4235714285714,0.0,0.0,0.33178571428571424,0.5217857142857143,1
Guga,24,174.0,22,7535.81,27.91,2.34,0.0,0.0,13.05,14.77,16729,Fluminense_FC,342.5368181818182,0.0,0.0,0.5931818181818183,0.6713636363636364,1
Fábio,42,188.0,35,4405.41,21.09,1.34,0.0,0.0,1.29,1.66,16750,Fluminense_FC,125.86885714285714,0.0,0.0,0.03685714285714286,0.047428571428571424,0
Yony González,29,184.0,18,3811.41,22.64,2.44,0.0,0.0,6.89,7.33,16778,Fluminense_FC,211.745,0.0,0.0,0.3827777777777778,0.4072222222222222,1
Gabriel Pirani,21,170.0,9,5011.61,23.11,2.35,0.0,0.0,8.0,9.33,18345,Fluminense_FC,556.8455555555555,0.0,0.0,0.8888888888888888,1.0366666666666666,1
Lele,25,189.0,29,4377.15,24.01,2.39,0.0,0.0,5.55,6.9,18346,Fluminense_FC,150.9362068965517,0.0,0.0,0.19137931034482758,0.23793103448275862,1
John Kennedy,21,181.0,26,5649.53,24.26,2.3,0.0,0.0,7.96,8.85,18347,Fluminense_FC,217.2896153846154,0.0,0.0,0.30615384615384617,0.3403846153846154,1
Danielzinho,27,173.0,12,6019.26,26.09,2.35,0.0,0.0,6.67,9.17,18453,Fluminense_FC,501.605,0.0,0.0,0.5558333333333333,0.7641666666666667,1
Diogo Barbosa,31,179.0,19,6419.47,23.18,2.35,0.0,0.0,7.89,10.58,18471,Fluminense_FC,337.8668421052632,0.0,0.0,0.41526315789473683,0.5568421052631579,1
Isaac,19,180.4719562243502,7,2686.61,24.75,2.54,0.0,0.0,2.0,4.43,18604,Fluminense_FC,383.8014285714286,0.0,0.0,0.2857142857142857,0.6328571428571428,1
Arthur,18,180.4719562243502,2,1864.11,23.48,2.09,0.0,0.0,4.0,5.0,18667,Fluminense_FC,932.055,0.0,0.0,2.0,2.5,1
Felipe Andrade,21,182.0,7,3239.82,21.09,2.35,0.0,0.0,4.57,4.29,19453,Fluminense_FC,462.8314285714286,0.0,0.0,0.6528571428571429,0.6128571428571429,1
Rafael Monteiro,19,173.0,1,536.16,21.2,3.18,0.0,0.0,0.0,0.0,19576,Fluminense_FC,536.16,0.0,0.0,0.0,0.0,1
Lucas Justen,20,185.0,1,6154.16,25.06,2.17,0.0,0.0,5.0,9.0,22090,Fluminense_FC,6154.16,0.0,0.0,5.0,9.0,2
João Neto,20,181.0,3,2263.68,22.57,2.69,0.0,0.0,4.0,4.0,23349,Fluminense_FC,754.56,0.0,0.0,1.3333333333333333,1.3333333333333333,1
Leo Jardim,28,188.0,38,5073.51,21.72,1.55,0.0,0.0,2.68,2.55,3939,Vasco_da_Gama,133.51342105263157,0.0,0.0,0.07052631578947369,0.06710526315789474,0
Dimitri Payet,36,175.0,17,5213.96,22.29,2.55,0.0,0.0,3.12,3.82,3990,Vasco_da_Gama,306.7035294117647,0.0,0.0,0.18352941176470589,0.22470588235294117,1
Robson Bambu,25,186.0,18,7401.05,23.87,2.58,0.0,0.0,1.56,0.89,4034,Vasco_da_Gama,411.1694444444445,0.0,0.0,0.08666666666666667,0.049444444444444444,1
Pedro Raúl,26,193.0,12,7383.1,25.93,2.6,0.0,0.0,1.92,0.58,6575,Vasco_da_Gama,615.2583333333333,0.0,0.0,0.16,0.04833333333333333,1
Sebastian Ferreira,25,180.0,13,3865.91,21.73,2.61,0.0,0.0,1.54,1.23,7541,Vasco_da_Gama,297.3776923076923,0.0,0.0,0.11846153846153847,0.09461538461538462,1
Alex Teixeira,33,173.0,22,5475.84,24.89,2.44,0.0,0.0,3.27,3.0,9174,Vasco_da_Gama,248.9018181818182,0.0,0.0,0.14863636363636365,0.13636363636363635,1
Sergio,28,180.0,9,4113.49,19.86,2.53,0.0,0.0,1.33,1.0,12427,Vasco_da_Gama,457.0544444444444,0.0,0.0,0.14777777777777779,0.1111111111111111,1
Gary Medel,36,171.0,20,8687.0,24.02,2.33,0.0,0.0,5.45,6.15,12735,Vasco_da_Gama,434.35,0.0,0.0,0.2725,0.3075,1
José Luis Rodríguez,26,183.0,31,6803.66,24.73,2.62,0.0,0.0,2.39,2.58,13931,Vasco_da_Gama,219.47290322580645,0.0,0.0,0.07709677419354839,0.0832258064516129,1
Manuel Capasso,27,189.0,9,6068.04,21.91,2.13,0.0,0.0,2.22,3.56,14736,Vasco_da_Gama,674.2266666666667,0.0,0.0,0.2466666666666667,0.39555555555555555,1
Pablo Vegetti,34,187.0,21,8804.08,23.5,2.65,0.0,0.0,3.95,4.14,14846,Vasco_da_Gama,419.2419047619048,0.0,0.0,0.1880952380952381,0.19714285714285712,1
Paulo Henrique,27,175.0,14,6292.9,23.81,2.67,0.0,0.0,6.14,4.93,16741,Vasco_da_Gama,449.49285714285713,0.0,0.0,0.43857142857142856,0.35214285714285715,1
Maicon,35,191.0,16,7927.26,23.15,2.38,0.0,0.0,5.38,5.0,17952,Vasco_da_Gama,495.45375,0.0,0.0,0.33625,0.3125,1
Gabriel Carabajal,32,178.0,6,2568.39,26.32,2.62,0.0,0.0,0.17,0.5,17970,Vasco_da_Gama,428.065,0.0,0.0,0.028333333333333335,0.08333333333333333,1
Rwan Seco,21,187.0,2,2344.29,20.33,3.11,0.0,0.0,0.0,0.0,17977,Vasco_da_Gama,1172.145,0.0,0.0,0.0,0.0,1
Bruno Praxedes,21,186.0,21,7055.77,23.04,2.47,0.0,0.0,5.71,6.62,18025,Vasco_da_Gama,335.98904761904765,0.0,0.0,0.2719047619047619,0.31523809523809526,1
Léo,27,183.0,34,8236.99,24.39,2.48,0.0,0.0,3.15,3.15,18418,Vasco_da_Gama,242.26441176470587,0.0,0.0,0.09264705882352942,0.09264705882352942,1
Miranda,23,181.0,6,6392.25,21.72,2.3,0.0,0.0,2.5,1.83,18419,Vasco_da_Gama,1065.375,0.0,0.0,0.4166666666666667,0.305,1
Zé Vitor,21,192.0,4,3275.34,21.64,2.44,0.0,0.0,1.75,1.0,18420,Vasco_da_Gama,818.835,0.0,0.0,0.4375,0.25,1
Lucas Piton,22,175.0,37,9391.22,23.55,2.64,0.0,0.0,4.54,4.78,18421,Vasco_da_Gama,253.81675675675675,0.0,0.0,0.1227027027027027,0.1291891891891892,1
Gabriel Dias,29,183.0,1,1075.65,22.02,2.9,0.0,0.0,0.0,0.0,18425,Vasco_da_Gama,1075.65,0.0,0.0,0.0,0.0,1
Jair,28,178.0,29,6015.02,22.63,2.55,0.0,0.0,3.41,3.66,18426,Vasco_da_Gama,207.4144827586207,0.0,0.0,0.11758620689655173,0.12620689655172415,1
Zé Gabriel,24,184.0,27,7666.08,22.47,2.48,0.0,0.0,5.96,5.07,18428,Vasco_da_Gama,283.9288888888889,0.0,0.0,0.22074074074074074,0.1877777777777778,1
Rodrigo Alves,20,176.0,8,5186.74,24.2,2.78,0.0,0.0,2.0,2.0,18429,Vasco_da_Gama,648.3425,0.0,0.0,0.25,0.25,1
Andrey Santos,19,180.0,6,7461.96,28.01,2.67,0.0,0.0,2.0,2.83,18430,Vasco_da_Gama,1243.66,0.0,0.0,0.3333333333333333,0.4716666666666667,1
Matías Galarza,21,175.0,10,4334.79,23.81,2.6,0.0,0.0,1.9,2.1,18431,Vasco_da_Gama,433.479,0.0,0.0,0.19,0.21000000000000002,1
Cauan Barros,19,183.0,8,3301.21,20.26,2.46,0.0,0.0,2.0,2.0,18432,Vasco_da_Gama,412.65125,0.0,0.0,0.25,0.25,1
Marlon Gomes,19,176.0,23,5112.76,23.15,2.58,0.0,0.0,4.35,3.78,18433,Vasco_da_Gama,222.29391304347828,0.0,0.0,0.1891304347826087,0.1643478260869565,1
Lucas Figueiredo,21,178.0,16,4357.29,21.28,2.66,0.0,0.0,1.75,1.94,18434,Vasco_da_Gama,272.330625,0.0,0.0,0.109375,0.12125,1
Erick Marcus Dos Santos,19,177.0,14,3280.44,21.29,2.77,0.0,0.0,1.43,0.57,18435,Vasco_da_Gama,234.31714285714287,0.0,0.0,0.10214285714285713,0.04071428571428571,1
Eguinaldo,18,175.0,4,2295.88,22.2,2.62,0.0,0.0,1.5,1.25,18436,Vasco_da_Gama,573.97,0.0,0.0,0.375,0.3125,1
Luca Orellano,23,178.0,18,3741.29,20.65,2.56,0.0,0.0,1.28,1.17,18437,Vasco_da_Gama,207.84944444444443,0.0,0.0,0.07111111111111111,0.065,1
Gabriel Pec,22,172.0,37,7336.48,25.73,2.63,0.0,0.0,4.03,6.0,18438,Vasco_da_Gama,198.28324324324322,0.0,0.0,0.10891891891891893,0.16216216216216217,1
Rayan Vitor,16,185.0,6,4449.93,28.25,2.28,0.0,0.0,0.33,0.83,18837,Vasco_da_Gama,741.6550000000001,0.0,0.0,0.055,0.13833333333333334,1
Mateus Carvalho,21,174.0,8,4266.98,20.89,2.22,0.0,0.0,0.88,1.75,18838,Vasco_da_Gama,533.3725,0.0,0.0,0.11,0.21875,1
Paulinho Paula,26,173.0,21,8520.19,23.35,2.43,0.0,0.0,7.67,9.19,20674,Vasco_da_Gama,405.72333333333336,0.0,0.0,0.36523809523809525,0.4376190476190476,1
Rossi,30,170.0,9,4767.41,24.34,2.65,0.0,0.0,3.33,2.67,22797,Vasco_da_Gama,529.7122222222222,0.0,0.0,0.37,0.29666666666666663,1
Rodrigo Ely,29,188.0,9,7311.31,22.35,2.37,0.0,0.0,3.56,5.11,1478,Grêmio,812.3677777777779,0.0,0.0,0.39555555555555555,0.5677777777777778,1
Luis Suarez,36,182.0,32,8780.37,22.71,2.45,0.0,0.0,4.72,7.28,1535,Grêmio,274.3865625,0.0,0.0,0.1475,0.2275,1
Juan Iturbe,30,173.0,5,1783.27,21.54,2.9,0.0,0.0,1.8,3.0,3538,Grêmio,356.654,0.0,0.0,0.36,0.6,1
Fábio,33,172.0,14,6214.31,24.07,2.5,0.0,0.0,6.79,7.5,4180,Grêmio,443.87928571428574,0.0,0.0,0.485,0.5357142857142857,1
Joao Pedro,31,184.0,13,4944.5,24.43,2.34,0.0,0.0,6.85,8.54,11957,Grêmio,380.34615384615387,0.0,0.0,0.5269230769230769,0.6569230769230768,1
Lucas Besozzi,20,176.0,11,3903.17,22.91,2.47,0.0,0.0,6.64,8.0,15054,Grêmio,354.83363636363634,0.0,0.0,0.6036363636363636,0.7272727272727273,1
Luan,30,180.0,5,1726.55,22.03,2.7,0.0,0.0,2.0,2.6,16710,Grêmio,345.31,0.0,0.0,0.4,0.52,1
Nathan,27,177.0,19,3814.7,21.7,2.5,0.0,0.0,4.58,3.84,16738,Grêmio,200.7736842105263,0.0,0.0,0.24105263157894738,0.20210526315789473,1
Brenno,24,190.0,1,4084.08,22.63,1.21,0.0,0.0,3.0,3.0,18461,Grêmio,4084.08,0.0,0.0,3.0,3.0,0
Gabriel Grando,23,192.0,30,4442.86,22.02,1.38,0.0,0.0,2.3,2.27,18462,Grêmio,148.09533333333331,0.0,0.0,0.07666666666666666,0.07566666666666667,0
Adriel,22,195.0,2,4260.32,22.83,1.27,0.0,0.0,2.5,5.5,18463,Grêmio,2130.16,0.0,0.0,1.25,2.75,0
Walter Kannemann,32,184.0,27,8627.93,24.06,2.31,0.0,0.0,5.7,8.48,18465,Grêmio,319.55296296296297,0.0,0.0,0.2111111111111111,0.3140740740740741,1
Bruno Alves,32,185.0,29,8384.19,22.52,2.27,0.0,0.0,4.59,5.24,18466,Grêmio,289.11,0.0,0.0,0.15827586206896552,0.1806896551724138,1
Bruno Uvini,32,187.0,20,7223.03,22.22,2.35,0.0,0.0,5.5,6.7,18467,Grêmio,361.1515,0.0,0.0,0.275,0.335,1
Natã,22,180.0,2,1076.84,20.9,2.42,0.0,0.0,0.0,0.5,18468,Grêmio,538.42,0.0,0.0,0.0,0.25,1
Pedro Geromel,38,190.0,6,6567.43,22.81,2.51,0.0,0.0,3.67,2.83,18469,Grêmio,1094.5716666666667,0.0,0.0,0.6116666666666667,0.4716666666666667,1
Gustavo Martins,21,191.0,17,4445.69,21.14,2.44,0.0,0.0,2.06,3.53,18470,Grêmio,261.5111764705882,0.0,0.0,0.1211764705882353,0.2076470588235294,1
Diogo Barbosa,30,179.0,6,6995.35,26.82,2.47,0.0,0.0,3.5,7.0,18471,Grêmio,1165.8916666666667,0.0,0.0,0.5833333333333334,1.1666666666666667,1
Reinaldo,33,178.0,29,9487.83,23.53,2.52,0.0,0.0,7.72,9.28,18472,Grêmio,327.16655172413795,0.0,0.0,0.26620689655172414,0.31999999999999995,1
Cuiabano,20,179.0,11,4788.24,21.16,2.5,0.0,0.0,4.45,5.09,18473,Grêmio,435.2945454545454,0.0,0.0,0.40454545454545454,0.4627272727272727,1
Thomas Luciano,21,180.0,6,5248.61,20.27,2.2,0.0,0.0,0.5,0.83,18475,Grêmio,874.7683333333333,0.0,0.0,0.08333333333333333,0.13833333333333334,1
Mathías Villasanti,26,178.0,30,9711.86,24.64,2.32,0.0,0.0,10.57,14.17,18476,Grêmio,323.7286666666667,0.0,0.0,0.35233333333333333,0.4723333333333333,1
Darlan,24,171.0,1,4984.61,19.62,2.28,0.0,0.0,1.0,0.0,18477,Grêmio,4984.61,0.0,0.0,1.0,0.0,1
Bitello,23,178.0,19,8531.05,22.15,2.38,0.0,0.0,4.63,4.58,18478,Grêmio,449.00263157894733,0.0,0.0,0.24368421052631578,0.24105263157894738,1
Felipe Carballo,26,177.0,21,7676.34,25.78,2.37,0.0,0.0,8.57,9.52,18479,Grêmio,365.54,0.0,0.0,0.4080952380952381,0.4533333333333333,1
Franco Cristaldo,27,175.0,33,6757.69,23.22,2.56,0.0,0.0,4.36,4.94,18480,Grêmio,204.77848484848482,0.0,0.0,0.13212121212121214,0.14969696969696972,1
Vina,32,177.0,14,5027.1,24.67,2.48,0.0,0.0,2.64,3.57,18481,Grêmio,359.0785714285715,0.0,0.0,0.18857142857142858,0.255,1
Ferreira,25,175.0,24,5018.69,22.33,2.47,0.0,0.0,6.5,6.38,18482,Grêmio,209.11208333333332,0.0,0.0,0.2708333333333333,0.2658333333333333,1
Zinho,20,178.0,7,3740.13,22.03,2.3,0.0,0.0,1.71,2.86,18483,Grêmio,534.3042857142857,0.0,0.0,0.24428571428571427,0.40857142857142853,1
Everton Galdino,26,177.0,27,4655.19,21.65,2.5,0.0,0.0,4.81,5.15,18485,Grêmio,172.41444444444443,0.0,0.0,0.17814814814814814,0.19074074074074077,1
Ronald,20,186.0,9,5017.49,23.69,2.3,0.0,0.0,3.56,4.67,18561,Grêmio,557.4988888888888,0.0,0.0,0.39555555555555555,0.5188888888888888,1
Pepê,25,183.0,17,8490.08,24.62,2.47,0.0,0.0,6.41,10.0,18562,Grêmio,499.4164705882353,0.0,0.0,0.3770588235294118,0.5882352941176471,1
Gustavinho,21,174.0,2,2324.65,21.5,2.52,0.0,0.0,0.0,2.5,18563,Grêmio,1162.325,0.0,0.0,0.0,1.25,1
André,21,189.0,21,2255.44,19.91,2.44,0.0,0.0,1.48,1.76,18573,Grêmio,107.40190476190476,0.0,0.0,0.07047619047619047,0.0838095238095238,1
Lucas Silva,30,181.0,4,5845.19,21.27,2.33,0.0,0.0,4.25,3.25,18578,Grêmio,1461.2975,0.0,0.0,1.0625,0.8125,1
João Pedro,26,179.0,28,7366.14,23.78,2.46,0.0,0.0,5.75,6.54,18580,Grêmio,263.0764285714286,0.0,0.0,0.20535714285714285,0.23357142857142857,1
Mila,20,180.4719562243502,8,4258.91,21.68,2.53,0.0,0.0,1.38,1.75,18616,Grêmio,532.36375,0.0,0.0,0.1725,0.21875,1
Nathan Ribeiro,18,180.4719562243502,11,3738.32,24.78,2.52,0.0,0.0,6.09,6.64,18875,Grêmio,339.84727272727275,0.0,0.0,0.5536363636363636,0.6036363636363636,1
Lian,17,180.4719562243502,1,1014.91,18.51,2.0,0.0,0.0,0.0,0.0,18932,Grêmio,1014.91,0.0,0.0,0.0,0.0,1
Wesley,19,180.4719562243502,1,8802.55,26.81,2.81,0.0,0.0,15.0,12.0,19336,Grêmio,8802.55,0.0,0.0,15.0,12.0,2
Freddy Noguera,19,180.4719562243502,1,3124.14,22.99,2.27,0.0,0.0,0.0,0.0,19907,Grêmio,3124.14,0.0,0.0,0.0,0.0,1
Caíque,26,198.0,4,5401.0,22.07,1.72,0.0,0.0,4.75,2.25,21203,Grêmio,1350.25,0.0,0.0,1.1875,0.5625,0
Josué,18,180.4719562243502,4,3493.08,21.18,2.48,0.0,0.0,3.75,3.5,24313,Grêmio,873.27,0.0,0.0,0.9375,0.875,1
João Vitor,18,180.4719562243502,1,1286.78,22.44,3.1,0.0,0.0,0.0,1.0,24314,Grêmio,1286.78,0.0,0.0,0.0,1.0,1
Fernandinho,38,179.0,25,8380.74,24.27,2.63,0.0,0.0,5.44,5.2,19,Athletico_Paranaense,335.2296,0.0,0.0,0.21760000000000002,0.20800000000000002,1
Arturo Vidal,36,180.0,7,5471.75,24.77,2.42,0.0,0.0,3.43,3.86,1527,Athletico_Paranaense,781.6785714285714,0.0,0.0,0.49000000000000005,0.5514285714285714,1
Thiago Andrade,22,179.0,10,2723.36,21.2,2.68,0.0,0.0,2.5,1.5,3270,Athletico_Paranaense,272.336,0.0,0.0,0.25,0.15,1
Bruno Peres,33,178.0,5,3608.1,20.23,2.65,0.0,0.0,1.4,0.6,12008,Athletico_Paranaense,721.62,0.0,0.0,0.27999999999999997,0.12,1
Agustin Canobbio,24,175.0,28,7686.23,25.36,2.75,0.0,0.0,2.75,3.43,13928,Athletico_Paranaense,274.50821428571425,0.0,0.0,0.09821428571428571,0.12250000000000001,1
Lucas Esquivel,21,183.0,19,9082.03,27.92,2.72,0.0,0.0,1.68,1.42,14806,Athletico_Paranaense,478.00157894736844,0.0,0.0,0.08842105263157894,0.07473684210526316,1
Bruno Zapelli,21,181.0,21,5891.09,25.32,2.64,0.0,0.0,6.29,6.38,14845,Athletico_Paranaense,280.52809523809526,0.0,0.0,0.2995238095238095,0.3038095238095238,1
Kaique Rocha,22,195.0,10,6769.51,25.84,2.56,0.0,0.0,2.9,4.1,15776,Athletico_Paranaense,676.951,0.0,0.0,0.29,0.41,1
Bento,24,190.0,33,4724.41,22.78,1.47,0.0,0.0,2.76,2.12,15778,Athletico_Paranaense,143.1639393939394,0.0,0.0,0.08363636363636363,0.06424242424242424,0
David Terans,28,176.0,8,5043.77,24.17,2.74,0.0,0.0,1.75,2.88,15779,Athletico_Paranaense,630.47125,0.0,0.0,0.21875,0.36,1
Khellven,22,176.0,14,6654.99,23.11,2.54,0.0,0.0,3.86,3.79,15780,Athletico_Paranaense,475.3564285714286,0.0,0.0,0.2757142857142857,0.27071428571428574,1
Hugo Moura,25,177.0,29,4940.76,22.52,2.58,0.0,0.0,3.83,3.97,15781,Athletico_Paranaense,170.37103448275863,0.0,0.0,0.13206896551724137,0.13689655172413795,1
Léo Cittadini,29,179.0,5,4248.76,21.28,2.79,0.0,0.0,2.8,3.2,15782,Athletico_Paranaense,849.7520000000001,0.0,0.0,0.5599999999999999,0.64,1
Madson,31,182.0,23,5923.71,24.47,2.6,0.0,0.0,4.78,3.78,15785,Athletico_Paranaense,257.55260869565217,0.0,0.0,0.20782608695652174,0.1643478260869565,1
Erick,25,176.0,32,7985.95,23.77,2.7,0.0,0.0,2.5,2.28,15786,Athletico_Paranaense,249.5609375,0.0,0.0,0.078125,0.07125,1
Tomás Cuello,23,176.0,31,6798.66,24.07,2.71,0.0,0.0,4.48,3.81,15787,Athletico_Paranaense,219.3116129032258,0.0,0.0,0.14451612903225808,0.12290322580645162,1
Zé Ivaldo,26,185.0,13,7145.93,21.99,2.43,0.0,0.0,3.15,2.46,15788,Athletico_Paranaense,549.6869230769231,0.0,0.0,0.2423076923076923,0.18923076923076923,1
Bryan García,22,175.0,1,281.55,22.87,2.75,0.0,0.0,0.0,0.0,15789,Athletico_Paranaense,281.55,0.0,0.0,0.0,0.0,1
Luciano Arriagada,21,184.0,10,2592.1,22.45,2.79,0.0,0.0,1.7,1.9,15790,Athletico_Paranaense,259.21,0.0,0.0,0.16999999999999998,0.19,1
Rômulo,21,193.0,18,3062.89,22.48,2.74,0.0,0.0,0.94,0.61,15791,Athletico_Paranaense,170.16055555555556,0.0,0.0,0.05222222222222222,0.033888888888888885,1
Vitor Roque,18,172.0,24,6731.92,24.58,2.43,0.0,0.0,4.46,4.58,15792,Athletico_Paranaense,280.49666666666667,0.0,0.0,0.18583333333333332,0.19083333333333333,1
Matheus Felipe,24,186.0,9,5893.35,21.34,2.71,0.0,0.0,1.67,2.33,15793,Athletico_Paranaense,654.8166666666667,0.0,0.0,0.18555555555555556,0.2588888888888889,1
Thiago Heleno,34,187.0,31,8959.83,25.33,2.63,0.0,0.0,2.26,2.29,15794,Athletico_Paranaense,289.02677419354836,0.0,0.0,0.0729032258064516,0.07387096774193548,1
Marcelo Cirino,31,182.0,3,3919.54,21.76,2.49,0.0,0.0,7.67,9.33,15795,Athletico_Paranaense,1306.5133333333333,0.0,0.0,2.5566666666666666,3.11,1
Vitor Bueno,28,185.0,31,6756.85,26.87,2.73,0.0,0.0,4.94,4.87,15796,Athletico_Paranaense,217.96290322580646,0.0,0.0,0.15935483870967743,0.1570967741935484,1
Alex Santana,28,182.0,20,5156.22,24.39,2.69,0.0,0.0,1.4,1.7,15797,Athletico_Paranaense,257.81100000000004,0.0,0.0,0.06999999999999999,0.08499999999999999,1
Christian,22,178.0,20,6694.27,22.72,2.68,0.0,0.0,1.85,2.25,15798,Athletico_Paranaense,334.7135,0.0,0.0,0.0925,0.1125,1
Willian,36,171.0,18,3620.8,24.19,2.78,0.0,0.0,2.28,3.28,16143,Athletico_Paranaense,201.15555555555557,0.0,0.0,0.12666666666666665,0.1822222222222222,1
Pablo,31,185.0,25,6030.91,23.05,2.65,0.0,0.0,3.16,3.04,16717,Athletico_Paranaense,241.2364,0.0,0.0,0.1264,0.1216,1
Pedro Henrique,27,188.0,10,7618.46,24.54,2.41,0.0,0.0,2.3,3.1,16742,Athletico_Paranaense,761.846,0.0,0.0,0.22999999999999998,0.31,1
Fernando,23,181.0,6,8361.71,32.25,2.78,0.0,0.0,4.17,5.17,16751,Athletico_Paranaense,1393.618333333333,0.0,0.0,0.695,0.8616666666666667,1
Pedrinho,20,177.0,4,8976.13,24.84,2.55,0.0,0.0,2.5,1.0,16754,Athletico_Paranaense,2244.0325,0.0,0.0,0.625,0.25,1
Léo Linck,22,194.0,4,4270.47,20.96,1.27,0.0,0.0,3.25,1.75,18286,Athletico_Paranaense,1067.6175,0.0,0.0,0.8125,0.4375,0
Reinaldo Nascimento Satorno,21,177.0,1,1899.62,21.05,2.52,0.0,0.0,4.0,1.0,18595,Athletico_Paranaense,1899.62,0.0,0.0,4.0,1.0,1
Daniel Martins,21,169.0,1,687.53,21.27,3.02,0.0,0.0,0.0,0.0,18596,Athletico_Paranaense,687.53,0.0,0.0,0.0,0.0,1
Vinicius Kaue,20,181.0,6,7136.53,23.14,2.69,0.0,0.0,5.0,5.33,18834,Athletico_Paranaense,1189.4216666666666,0.0,0.0,0.8333333333333334,0.8883333333333333,1
Dudu,17,177.0,1,379.63,15.28,2.87,0.0,0.0,0.0,0.0,19579,Athletico_Paranaense,379.63,0.0,0.0,0.0,0.0,1
Cacá,24,187.0,19,9200.79,25.09,2.51,0.0,0.0,3.16,3.58,20672,Athletico_Paranaense,484.25210526315794,0.0,0.0,0.16631578947368422,0.18842105263157896,1
Chiqueti,18,176.0,1,2012.56,21.75,2.9,0.0,0.0,0.0,0.0,24059,Athletico_Paranaense,2012.56,0.0,0.0,0.0,0.0,1
Lucas Belezi,20,186.0,1,4579.13,18.93,3.01,0.0,0.0,0.0,0.0,24125,Athletico_Paranaense,4579.13,0.0,0.0,0.0,0.0,1
Lucas Mineiro,27,188.0,16,4473.29,23.3,2.56,0.0,0.0,3.31,4.56,11481,Cuiabá,279.580625,0.0,0.0,0.206875,0.285,1
Allyson,32,184.0,16,7271.3,21.23,2.49,0.0,0.0,3.44,3.56,12474,Cuiabá,454.45625,0.0,0.0,0.215,0.2225,1
Ronald,26,171.0,20,3678.07,23.65,2.46,0.0,0.0,5.15,6.6,16170,Cuiabá,183.9035,0.0,0.0,0.2575,0.32999999999999996,1
Walter,35,188.0,34,4682.87,21.1,1.42,0.0,0.0,1.47,2.29,18532,Cuiabá,137.73147058823528,0.0,0.0,0.04323529411764706,0.06735294117647059,0
João Carlos,35,191.0,3,5698.78,20.27,1.79,0.0,0.0,2.0,1.0,18533,Cuiabá,1899.5933333333332,0.0,0.0,0.6666666666666666,0.3333333333333333,0
Alan Empereur,29,186.0,32,9155.4,22.75,2.49,0.0,0.0,4.44,5.53,18535,Cuiabá,286.10625,0.0,0.0,0.13875,0.1728125,1
Marllon,31,186.0,35,9213.09,23.4,2.35,0.0,0.0,9.06,11.69,18536,Cuiabá,263.23114285714286,0.0,0.0,0.2588571428571429,0.33399999999999996,1
Uendel,34,179.0,9,4227.58,23.68,2.68,0.0,0.0,2.44,4.89,18538,Cuiabá,469.7311111111111,0.0,0.0,0.2711111111111111,0.5433333333333333,1
Patric Calmon,29,181.0,13,3785.38,21.72,2.65,0.0,0.0,1.85,3.08,18539,Cuiabá,291.18307692307695,0.0,0.0,0.1423076923076923,0.23692307692307693,1
Matheus Alexandre,24,188.0,34,9180.1,25.11,2.49,0.0,0.0,13.74,13.79,18540,Cuiabá,270.0029411764706,0.0,0.0,0.4041176470588235,0.40558823529411764,1
Raniele,26,184.0,34,8994.2,25.85,2.44,0.0,0.0,9.5,13.06,18541,Cuiabá,264.5352941176471,0.0,0.0,0.27941176470588236,0.38411764705882356,1
Filipe Augusto,30,183.0,27,4861.46,24.25,2.46,0.0,0.0,5.33,6.26,18542,Cuiabá,180.05407407407407,0.0,0.0,0.19740740740740742,0.23185185185185184,1
Ricardo Cerqueira,20,184.0,1,1274.85,20.96,1.86,0.0,0.0,1.0,1.0,18543,Cuiabá,1274.85,0.0,0.0,1.0,1.0,0
Fernando Sobral,28,178.0,31,6423.85,24.48,2.57,0.0,0.0,5.65,7.68,18544,Cuiabá,207.22096774193548,0.0,0.0,0.18225806451612905,0.24774193548387097,1
Rafael Gava,29,178.0,1,2752.67,22.83,2.48,0.0,0.0,2.0,10.0,18545,Cuiabá,2752.67,0.0,0.0,2.0,10.0,2
Pablo Ceppelini,31,179.0,20,5762.45,22.76,2.56,0.0,0.0,5.7,7.15,18546,Cuiabá,288.1225,0.0,0.0,0.28500000000000003,0.35750000000000004,1
Denilson,22,180.0,32,6561.3,24.49,2.44,0.0,0.0,7.09,8.88,18548,Cuiabá,205.040625,0.0,0.0,0.2215625,0.2775,1
Rikelme,20,184.0,30,8004.92,24.41,2.53,0.0,0.0,8.47,11.13,18550,Cuiabá,266.8306666666667,0.0,0.0,0.2823333333333334,0.37100000000000005,1
Nicolás Quagliata,23,171.0,9,3518.03,22.73,2.49,0.0,0.0,4.89,5.89,18552,Cuiabá,390.89222222222224,0.0,0.0,0.5433333333333333,0.6544444444444444,1
Emerson Negueba,22,175.0,10,5100.94,21.52,2.68,0.0,0.0,5.4,4.7,18553,Cuiabá,510.09399999999994,0.0,0.0,0.54,0.47000000000000003,1
Jonathan Cafú,32,175.0,31,5905.94,26.0,2.57,0.0,0.0,8.71,9.97,18555,Cuiabá,190.51419354838708,0.0,0.0,0.2809677419354839,0.3216129032258065,1
Wellington Silva,30,170.0,28,5166.17,27.53,2.43,0.04,0.0,8.39,9.07,18556,Cuiabá,184.50607142857143,0.0014285714285714286,0.0,0.29964285714285716,0.32392857142857145,1
Isidro Pitta,24,183.0,28,3441.83,22.83,2.54,0.0,0.0,3.71,4.18,18557,Cuiabá,122.9225,0.0,0.0,0.1325,0.14928571428571427,1
Deyverson,32,187.0,35,8324.53,24.03,2.57,0.0,0.0,4.66,4.49,18558,Cuiabá,237.8437142857143,0.0,0.0,0.13314285714285715,0.12828571428571428,1
Iury Castilho,27,185.0,9,4425.7,23.03,2.49,0.0,0.0,1.22,0.89,18559,Cuiabá,491.7444444444444,0.0,0.0,0.13555555555555554,0.09888888888888889,1
Vitão,22,194.0,1,1594.75,20.28,2.05,0.0,0.0,0.0,0.0,18569,Cuiabá,1594.75,0.0,0.0,0.0,0.0,0
Matheusinho,24,175.0,5,9158.56,26.89,2.56,0.0,0.0,3.0,2.8,18570,Cuiabá,1831.712,0.0,0.0,0.6,0.5599999999999999,1
Pablinho,20,180.0,2,2073.76,21.5,3.06,0.0,0.0,2.0,1.0,19542,Cuiabá,1036.88,0.0,0.0,1.0,0.5,1
Clayson,28,166.0,23,7621.24,25.99,2.58,0.0,0.0,9.22,10.39,19563,Cuiabá,331.3582608695652,0.0,0.0,0.4008695652173913,0.45173913043478264,1
Derik Lacerda,24,191.0,19,4026.93,25.08,2.49,0.05,0.0,6.89,7.0,20671,Cuiabá,211.9436842105263,0.002631578947368421,0.0,0.3626315789473684,0.3684210526315789,1
Eduard Atuesta,26,180.0,1,614.51,27.08,2.32,0.0,0.0,1.0,2.0,1285,Palmeiras,614.51,0.0,0.0,1.0,2.0,1
Richard Rios,23,187.0,36,5885.25,24.8,2.23,0.0,0.0,8.61,11.14,3658,Palmeiras,163.47916666666666,0.0,0.0,0.23916666666666664,0.30944444444444447,1
Bruno Tabata,26,175.0,5,3078.38,24.06,2.38,0.0,0.0,9.2,8.6,8084,Palmeiras,615.676,0.0,0.0,1.8399999999999999,1.72,1
Weverton,35,189.0,34,4503.71,21.22,1.37,0.0,0.0,3.12,1.76,13829,Palmeiras,132.46205882352942,0.0,0.0,0.09176470588235294,0.05176470588235294,0
Rony,28,167.0,29,5692.31,23.47,2.26,0.0,0.0,10.34,13.38,16549,Palmeiras,196.28655172413795,0.0,0.0,0.356551724137931,0.4613793103448276,1
Mayke,30,178.0,32,8391.21,23.65,2.29,0.0,0.0,13.69,16.56,16550,Palmeiras,262.2253125,0.0,0.0,0.4278125,0.5175,1
Gustavo Gómez,30,185.0,31,8533.32,24.11,2.17,0.0,0.0,7.58,12.1,16551,Palmeiras,275.2683870967742,0.0,0.0,0.24451612903225806,0.3903225806451613,1
Endrick,17,173.0,30,5244.03,24.78,2.2,0.0,0.0,8.83,9.23,16552,Palmeiras,174.801,0.0,0.0,0.29433333333333334,0.3076666666666667,1
Giovani,19,184.0,2,1404.62,22.37,2.41,0.0,0.0,0.0,1.5,16553,Palmeiras,702.31,0.0,0.0,0.0,0.75,1
José Manuel López,22,188.0,22,3070.31,22.84,2.29,0.0,0.0,4.41,6.18,16554,Palmeiras,139.55954545454546,0.0,0.0,0.20045454545454547,0.2809090909090909,1
Breno Lopes,27,178.0,30,4744.26,24.14,2.3,0.0,0.0,6.7,9.07,16555,Palmeiras,158.142,0.0,0.0,0.22333333333333333,0.30233333333333334,1
Marcos Rocha,34,176.0,20,6596.93,25.62,2.27,0.0,0.0,7.15,9.45,16556,Palmeiras,329.8465,0.0,0.0,0.35750000000000004,0.4725,1
Joaquín Piquerez,25,185.0,29,9314.35,25.76,2.29,0.0,0.0,13.14,17.34,16557,Palmeiras,321.1844827586207,0.0,0.0,0.4531034482758621,0.5979310344827586,1
Raphael Veiga,28,176.0,31,8776.67,24.97,2.17,0.0,0.0,12.65,18.16,16558,Palmeiras,283.1183870967742,0.0,0.0,0.4080645161290323,0.5858064516129032,1
Gabriel Menino,22,176.0,23,7313.63,23.63,2.19,0.0,0.0,10.13,14.52,16559,Palmeiras,317.98391304347825,0.0,0.0,0.4404347826086957,0.6313043478260869,1
Murilo,26,188.0,24,8478.86,23.49,2.12,0.0,0.0,9.79,10.88,16560,Palmeiras,353.28583333333336,0.0,0.0,0.40791666666666665,0.45333333333333337,1
Jailson,28,187.0,8,2607.73,24.97,2.39,0.0,0.0,5.25,5.38,16561,Palmeiras,325.96625,0.0,0.0,0.65625,0.6725,1
Gustavo Garcia,21,175.0,4,6204.43,22.75,2.54,0.0,0.0,7.25,8.5,16563,Palmeiras,1551.1075,0.0,0.0,1.8125,2.125,1
Kaiky Naves,21,182.0,9,5208.36,23.01,2.09,0.0,0.0,4.67,6.78,16564,Palmeiras,578.7066666666666,0.0,0.0,0.5188888888888888,0.7533333333333334,1
Jhon Jhon,20,178.0,19,4857.76,24.04,2.25,0.0,0.0,8.42,8.37,16566,Palmeiras,255.67157894736843,0.0,0.0,0.4431578947368421,0.44052631578947365,1
Marcelo Lomba,36,188.0,3,4208.55,20.36,1.22,0.0,0.0,2.0,1.33,16567,Palmeiras,1402.8500000000001,0.0,0.0,0.6666666666666666,0.44333333333333336,0
Vanderlan,20,183.0,13,6628.58,24.65,2.31,0.0,0.0,9.15,12.08,16568,Palmeiras,509.89076923076925,0.0,0.0,0.7038461538461539,0.9292307692307692,1
Zé Rafael,30,175.0,31,9272.02,25.86,2.1,0.0,0.0,10.39,15.71,16569,Palmeiras,299.09741935483873,0.0,0.0,0.3351612903225807,0.5067741935483872,1
Fabinho,21,178.0,23,3022.2,22.65,2.25,0.0,0.0,4.96,5.26,16707,Palmeiras,131.4,0.0,0.0,0.21565217391304348,0.22869565217391302,1
Luan,30,188.0,22,7957.87,23.2,2.15,0.0,0.0,7.59,11.32,16709,Palmeiras,361.7213636363636,0.0,0.0,0.345,0.5145454545454545,1
Rafael Navarro,23,183.0,3,4578.35,19.95,2.66,0.0,0.0,1.67,1.67,16713,Palmeiras,1526.1166666666668,0.0,0.0,0.5566666666666666,0.5566666666666666,1
Dudu,31,166.0,14,7996.41,23.31,2.35,0.0,0.0,9.0,10.93,16714,Palmeiras,571.1721428571428,0.0,0.0,0.6428571428571429,0.7807142857142857,1
Artur,25,168.0,31,6437.03,25.05,2.28,0.0,0.0,10.87,13.0,18088,Palmeiras,207.64612903225805,0.0,0.0,0.3506451612903226,0.41935483870967744,1
Ian Custódio,20,180.0,1,2720.69,23.42,2.79,0.0,0.0,4.0,2.0,18351,Palmeiras,2720.69,0.0,0.0,4.0,2.0,1
Luis Guilherme,17,175.0,18,3287.23,23.7,2.31,0.0,0.0,5.44,7.61,18353,Palmeiras,182.6238888888889,0.0,0.0,0.3022222222222222,0.4227777777777778,1
Kevin Macedo,20,176.0,7,3838.53,23.32,2.45,0.0,0.0,5.29,7.29,18354,Palmeiras,548.3614285714286,0.0,0.0,0.7557142857142857,1.0414285714285714,1
Kauan Santos,19,165.0,1,1019.92,20.81,2.64,0.0,0.0,2.0,3.0,24060,Palmeiras,1019.92,0.0,0.0,2.0,3.0,1
Estevão,16,176.0,1,1404.31,22.4,2.33,0.0,0.0,1.0,3.0,24621,Palmeiras,1404.31,0.0,0.0,1.0,3.0,1
Hugo Mallo,32,174.0,6,6107.8,27.44,2.23,0.0,0.0,8.67,10.17,1458,Internacional,1017.9666666666667,0.0,0.0,1.445,1.695,1
Charles Aránguiz,34,171.0,22,6865.72,24.99,2.19,0.0,0.0,10.55,14.64,4591,Internacional,312.0781818181818,0.0,0.0,0.47954545454545455,0.6654545454545455,1
Carlos De Peña,31,177.0,27,5877.26,22.96,2.54,0.0,0.0,4.52,5.26,8380,Internacional,217.6762962962963,0.0,0.0,0.1674074074074074,0.1948148148148148,1
Vitão,23,185.0,26,7743.79,23.03,2.42,0.0,0.0,3.62,3.5,9114,Internacional,297.8380769230769,0.0,0.0,0.13923076923076924,0.1346153846153846,1
Alan Patrick,32,177.0,34,8563.56,25.57,2.23,0.0,0.0,11.24,15.35,9187,Internacional,251.86941176470586,0.0,0.0,0.3305882352941176,0.4514705882352941,1
Enner Valencia,33,177.0,22,6982.56,25.92,2.35,0.0,0.0,7.64,10.23,11960,Internacional,317.38909090909095,0.0,0.0,0.34727272727272723,0.465,1
Luiz Adriano,36,184.0,29,4775.41,23.35,2.26,0.0,0.0,8.24,7.48,12185,Internacional,164.66931034482758,0.0,0.0,0.28413793103448276,0.2579310344827586,1
Gustavo Campanharo,31,178.0,15,5375.71,23.12,2.12,0.0,0.0,5.4,10.13,12223,Internacional,358.3806666666667,0.0,0.0,0.36000000000000004,0.6753333333333333,1
Dalbert,30,181.0,9,5804.84,23.69,2.41,0.0,0.0,12.11,8.0,12951,Internacional,644.9822222222223,0.0,0.0,1.3455555555555554,0.8888888888888888,1
Sergio Rochet,30,190.0,19,5258.04,21.45,1.58,0.0,0.0,2.0,1.58,13924,Internacional,276.73894736842107,0.0,0.0,0.10526315789473684,0.08315789473684211,0
Nicolás Hernández,25,185.0,23,6351.68,24.18,2.3,0.0,0.0,8.13,11.65,15784,Internacional,276.16,0.0,0.0,0.35347826086956524,0.5065217391304347,1
Keiller,26,193.0,10,4300.23,21.53,1.29,0.0,0.0,2.8,2.5,16242,Internacional,430.02299999999997,0.0,0.0,0.27999999999999997,0.25,0
Wanderson,28,175.0,32,8165.4,24.6,2.3,0.0,0.0,10.84,15.94,16243,Internacional,255.16875,0.0,0.0,0.33875,0.498125,1
Lucas Ramos,22,173.0,1,827.16,22.87,2.21,0.0,0.0,4.0,6.0,16244,Internacional,827.16,0.0,0.0,4.0,6.0,1
Fabricio Bustos,27,167.0,29,9369.91,26.12,2.34,0.0,0.0,14.55,18.03,16245,Internacional,323.1003448275862,0.0,0.0,0.5017241379310345,0.6217241379310345,1
Gabriel Mercado,36,181.0,26,8599.11,23.97,2.16,0.0,0.0,10.92,13.31,16248,Internacional,330.735,0.0,0.0,0.42,0.5119230769230769,1
Estêvão,21,176.0,1,2124.09,22.89,2.18,0.0,0.0,4.0,4.0,16249,Internacional,2124.09,0.0,0.0,4.0,4.0,1
Maurício,22,174.0,26,7490.56,25.93,2.38,0.0,0.0,8.58,12.92,16250,Internacional,288.09846153846155,0.0,0.0,0.33,0.4969230769230769,1
Johnny Cardoso,21,186.0,22,8324.49,25.21,2.23,0.0,0.0,11.45,14.91,16251,Internacional,378.3859090909091,0.0,0.0,0.5204545454545454,0.6777272727272727,1
John Victor,27,196.0,9,3877.38,21.07,1.11,0.0,0.0,2.11,2.0,16252,Internacional,430.82,0.0,0.0,0.23444444444444443,0.2222222222222222,0
Gabriel Baralhas,24,178.0,5,5520.77,22.77,2.3,0.0,0.0,8.4,8.6,16253,Internacional,1104.154,0.0,0.0,1.6800000000000002,1.72,1
Alexandre Alemão,25,182.0,9,4021.33,24.51,2.31,0.0,0.0,3.22,6.11,16254,Internacional,446.81444444444446,0.0,0.0,0.3577777777777778,0.6788888888888889,1
Thauan Lara,19,176.0,10,3823.3,22.14,2.6,0.0,0.0,5.4,5.3,16255,Internacional,382.33000000000004,0.0,0.0,0.54,0.53,1
Rodrigo Moledo,35,188.0,7,6721.53,22.98,2.53,0.0,0.0,3.43,5.71,16256,Internacional,960.2185714285714,0.0,0.0,0.49000000000000005,0.8157142857142857,1
Matheus Dias,21,187.0,14,3406.22,22.59,2.37,0.0,0.0,2.93,2.86,16257,Internacional,243.30142857142854,0.0,0.0,0.2092857142857143,0.20428571428571426,1
Lucca,20,180.0,19,3448.51,20.62,2.48,0.0,0.0,2.42,4.37,16258,Internacional,181.50052631578947,0.0,0.0,0.12736842105263158,0.23,1
Renê,30,174.0,28,8761.58,24.43,2.25,0.0,0.0,11.43,15.5,16259,Internacional,312.9135714285714,0.0,0.0,0.4082142857142857,0.5535714285714286,1
Igor Gomes,22,185.0,24,6856.23,23.75,2.18,0.0,0.0,10.17,11.88,16706,Internacional,285.67625,0.0,0.0,0.42375,0.49500000000000005,1
Pedrao,33,181.0,26,5254.57,27.24,2.39,0.0,0.0,9.27,9.19,16712,Internacional,202.09884615384615,0.0,0.0,0.3565384615384615,0.35346153846153844,1
Gabriel,31,172.0,15,6389.06,25.78,2.21,0.0,0.0,8.93,11.13,16728,Internacional,425.93733333333336,0.0,0.0,0.5953333333333333,0.7420000000000001,1
Jean Dias,32,170.0,10,3824.87,22.62,2.37,0.0,0.0,7.7,9.5,18597,Internacional,382.48699999999997,0.0,0.0,0.77,0.95,1
Rômulo,23,182.0,20,6502.15,24.0,2.42,0.0,0.0,5.0,5.3,18598,Internacional,325.10749999999996,0.0,0.0,0.25,0.265,1
Gabriel De Sousa Barros,21,182.0,5,4378.41,22.33,2.42,0.0,0.0,8.4,6.4,18742,Internacional,875.682,0.0,0.0,1.6800000000000002,1.28,1
Bruno Henrique,33,180.0,20,6301.03,27.11,2.1,0.0,0.0,11.05,14.1,20670,Internacional,315.0515,0.0,0.0,0.5525,0.705,1
João Dalla Corte,17,178.0,1,3008.1,22.55,2.17,0.0,0.0,4.0,7.0,24316,Internacional,3008.1,0.0,0.0,4.0,7.0,2
Fabián Balbuena,31,188.0,1,8584.51,22.97,2.24,0.0,0.0,12.0,14.0,258,Corinthians,8584.51,0.0,0.0,12.0,14.0,2
Ángel Romero,31,176.0,22,5885.66,26.74,2.33,0.0,0.0,12.18,11.68,7663,Corinthians,267.53,0.0,0.0,0.5536363636363636,0.5309090909090909,1
Lucas Verissimo,28,188.0,15,8877.29,23.5,2.05,0.0,0.0,11.33,11.0,7994,Corinthians,591.8193333333334,0.0,0.0,0.7553333333333333,0.7333333333333333,1
Maycon,26,173.0,32,8881.35,24.27,2.11,0.0,0.0,9.53,14.31,9113,Corinthians,277.5421875,0.0,0.0,0.2978125,0.4471875,1
Júnior Moraes,36,176.0,1,581.81,16.34,2.44,0.0,0.0,0.0,0.0,9115,Corinthians,581.81,0.0,0.0,0.0,0.0,1
Matías Rojas,27,180.0,15,4998.06,23.88,2.26,0.0,0.0,4.67,8.0,14399,Corinthians,333.204,0.0,0.0,0.31133333333333335,0.5333333333333333,1
Róger Guedes,26,182.0,15,9529.49,24.59,2.22,0.0,0.0,12.4,17.13,16008,Corinthians,635.2993333333333,0.0,0.0,0.8266666666666667,1.142,1
Cássio,36,195.0,37,4312.1,21.17,1.3,0.0,0.0,1.19,1.54,16009,Corinthians,116.54324324324325,0.0,0.0,0.03216216216216216,0.04162162162162162,0
Caetano,24,182.0,16,7622.01,24.91,2.13,0.0,0.0,7.88,10.94,16010,Corinthians,476.375625,0.0,0.0,0.4925,0.68375,1
Giovane,19,184.0,5,3336.05,23.26,2.22,0.0,0.0,5.2,7.8,16011,Corinthians,667.21,0.0,0.0,1.04,1.56,1
Gustavo Mosquito,26,169.0,11,3383.27,23.46,2.32,0.0,0.0,7.36,7.55,16012,Corinthians,307.57,0.0,0.0,0.6690909090909091,0.6863636363636364,1
Giuliano,33,172.0,30,6260.58,24.5,2.15,0.0,0.0,11.73,11.7,16014,Corinthians,208.686,0.0,0.0,0.391,0.38999999999999996,1
Matheus Bidu,24,172.0,24,7587.27,23.31,2.29,0.0,0.0,14.0,16.62,16015,Corinthians,316.13625,0.0,0.0,0.5833333333333334,0.6925,1
Carlos Miguel,25,204.0,2,3420.01,18.13,1.62,0.0,0.0,0.5,0.5,16016,Corinthians,1710.005,0.0,0.0,0.25,0.25,0
Fagner,34,168.0,30,7577.23,23.48,2.24,0.0,0.0,11.3,12.97,16017,Corinthians,252.57433333333333,0.0,0.0,0.3766666666666667,0.43233333333333335,1
Víctor Cantillo,29,180.0,6,5312.81,24.38,2.08,0.0,0.0,6.67,8.33,16018,Corinthians,885.4683333333334,0.0,0.0,1.1116666666666666,1.3883333333333334,1
Bruno Méndez,23,180.0,27,6763.42,24.71,2.27,0.0,0.0,8.85,10.74,16019,Corinthians,250.49703703703705,0.0,0.0,0.3277777777777778,0.3977777777777778,1
Adson,22,171.0,15,6359.22,23.23,2.3,0.0,0.0,8.8,11.13,16020,Corinthians,423.94800000000004,0.0,0.0,0.5866666666666667,0.7420000000000001,1
Roni,24,174.0,15,5727.43,23.18,2.36,0.0,0.0,11.67,12.53,16021,Corinthians,381.82866666666666,0.0,0.0,0.778,0.8353333333333333,1
Du Queiroz,23,172.0,3,6366.55,20.35,2.29,0.0,0.0,7.33,12.0,16023,Corinthians,2122.1833333333334,0.0,0.0,2.4433333333333334,4.0,1
Gil,36,192.0,32,8893.39,23.38,2.11,0.0,0.0,9.75,12.12,16024,Corinthians,277.9184375,0.0,0.0,0.3046875,0.37875,1
Fausto Vera,23,180.0,21,7868.44,23.19,2.16,0.0,0.0,9.9,13.14,16025,Corinthians,374.687619047619,0.0,0.0,0.4714285714285714,0.6257142857142858,1
Fábio Santos,37,179.0,25,7228.89,23.66,2.36,0.0,0.0,8.72,10.96,16026,Corinthians,289.1556,0.0,0.0,0.3488,0.4384,1
Renato Augusto,35,186.0,24,6080.49,23.81,2.23,0.0,0.0,8.79,10.79,16027,Corinthians,253.35375,0.0,0.0,0.36624999999999996,0.4495833333333333,1
Yuri Alberto,22,183.0,34,8318.76,24.19,2.27,0.0,0.0,10.26,12.18,16028,Corinthians,244.6694117647059,0.0,0.0,0.30176470588235293,0.35823529411764704,1
Paulinho,34,183.0,4,4617.32,23.2,2.29,0.0,0.0,6.0,10.0,16755,Corinthians,1154.33,0.0,0.0,1.5,2.5,1
Murillo,20,182.0,13,8875.45,24.03,2.14,0.0,0.0,9.46,11.77,18361,Corinthians,682.7269230769232,0.0,0.0,0.7276923076923077,0.9053846153846153,1
Chrystian Barletta,21,178.0,3,4744.09,21.51,2.44,0.0,0.0,10.0,6.67,18362,Corinthians,1581.3633333333335,0.0,0.0,3.3333333333333335,2.223333333333333,1
Pedro,17,170.0,15,4563.17,24.17,2.41,0.0,0.0,10.53,10.27,18363,Corinthians,304.21133333333336,0.0,0.0,0.702,0.6846666666666666,1
Matheus Araújo,21,176.0,16,4735.25,24.08,2.22,0.0,0.0,8.38,9.25,18619,Corinthians,295.953125,0.0,0.0,0.52375,0.578125,1
Felipe Augusto,19,187.0,15,2722.39,22.66,2.33,0.0,0.0,4.33,4.73,18718,Corinthians,181.49266666666665,0.0,0.0,0.2886666666666667,0.31533333333333335,1
Biro,19,171.0,11,5542.84,23.76,2.62,0.0,0.0,5.18,6.36,18796,Corinthians,503.8945454545455,0.0,0.0,0.4709090909090909,0.5781818181818182,1
Wesley,18,180.0,24,3997.3,24.25,2.45,0.0,0.0,9.79,7.0,18816,Corinthians,166.55416666666667,0.0,0.0,0.40791666666666665,0.2916666666666667,1
Ruan Oliveira,23,176.0,19,5553.18,24.91,2.25,0.0,0.0,6.95,10.79,19306,Corinthians,292.27263157894737,0.0,0.0,0.36578947368421055,0.5678947368421052,1
Gabriel Moscardo,17,185.0,18,7486.51,24.77,2.05,0.0,0.0,11.33,15.67,19468,Corinthians,415.9172222222222,0.0,0.0,0.6294444444444445,0.8705555555555555,1
Léo Mana,19,179.0,3,4851.84,22.96,2.37,0.0,0.0,9.33,8.67,19469,Corinthians,1617.28,0.0,0.0,3.11,2.89,1
Júnior Urso,34,181.0,6,5627.41,23.14,2.29,0.0,0.0,7.5,10.83,1036,Coritiba,937.9016666666666,0.0,0.0,1.25,1.805,1
Islam Slimani,35,188.0,11,7472.37,23.02,2.52,0.0,0.0,7.45,8.82,1961,Coritiba,679.3063636363636,0.0,0.0,0.6772727272727272,0.8018181818181819,1
Marcelino Moreno,28,175.0,31,8035.26,24.45,2.39,0.0,0.0,11.58,13.55,2353,Coritiba,259.20193548387095,0.0,0.0,0.3735483870967742,0.4370967741935484,1
Fransergio,32,186.0,15,3934.49,21.88,2.18,0.0,0.0,5.07,5.87,5970,Coritiba,262.2993333333333,0.0,0.0,0.338,0.39133333333333337,1
Diogo De Oliveira,26,193.0,15,5194.19,24.84,2.5,0.0,0.0,5.27,5.47,6598,Coritiba,346.2793333333333,0.0,0.0,0.35133333333333333,0.36466666666666664,1
Rodrigo Pinho,32,185.0,10,4057.57,22.11,2.43,0.0,0.0,4.5,4.5,8012,Coritiba,405.757,0.0,0.0,0.45,0.45,1
Jese,30,178.0,6,1994.04,21.87,2.66,0.0,0.0,2.0,1.5,12367,Coritiba,332.34,0.0,0.0,0.3333333333333333,0.25,1
Andreas Samaris,34,189.0,4,4882.64,22.7,2.3,0.0,0.0,4.0,5.25,13601,Coritiba,1220.66,0.0,0.0,1.0,1.3125,1
Sebastián Gómez,27,172.0,20,7911.22,23.45,2.34,0.0,0.0,12.55,15.4,15840,Coritiba,395.56100000000004,0.0,0.0,0.6275000000000001,0.77,1
Luan Polli,30,188.0,5,3380.17,20.17,1.14,0.0,0.0,3.0,4.4,16178,Coritiba,676.034,0.0,0.0,0.6,0.8800000000000001,0
Benjamín Kuscevic,27,186.0,23,8501.14,25.09,2.25,0.0,0.0,6.91,8.87,16565,Coritiba,369.61478260869563,0.0,0.0,0.30043478260869566,0.38565217391304346,1
Lucas Barbosa,22,193.0,5,2571.75,21.32,2.59,0.0,0.0,2.2,2.2,17975,Coritiba,514.35,0.0,0.0,0.44000000000000006,0.44000000000000006,1
Bruno Viana,28,186.0,10,7998.46,22.4,2.28,0.0,0.0,6.4,9.0,18489,Coritiba,799.846,0.0,0.0,0.64,0.9,1
Jean Pedroso,19,191.0,7,8241.71,24.5,2.52,0.0,0.0,4.14,3.43,18490,Coritiba,1177.3871428571426,0.0,0.0,0.5914285714285714,0.49000000000000005,1
Jhon Chancellor,31,194.0,4,7652.53,22.95,2.28,0.0,0.0,8.0,9.0,18491,Coritiba,1913.1325,0.0,0.0,2.0,2.25,1
Thalisson,21,190.0,11,8625.14,23.26,2.18,0.0,0.0,10.82,13.09,18492,Coritiba,784.1036363636363,0.0,0.0,0.9836363636363636,1.19,1
Victor Luis,30,177.0,24,6688.66,23.14,2.45,0.0,0.0,6.71,7.92,18493,Coritiba,278.69416666666666,0.0,0.0,0.27958333333333335,0.33,1
Jamerson,24,177.0,29,6565.78,24.14,2.57,0.0,0.0,4.9,4.55,18494,Coritiba,226.4062068965517,0.0,0.0,0.16896551724137931,0.1568965517241379,1
Natanael,21,172.0,33,7896.0,24.96,2.42,0.0,0.0,10.58,12.67,18495,Coritiba,239.27272727272728,0.0,0.0,0.3206060606060606,0.3839393939393939,1
Willian Farias,34,178.0,16,6418.47,25.2,2.41,0.0,0.0,6.88,7.31,18496,Coritiba,401.154375,0.0,0.0,0.43,0.456875,1
Liziero,25,177.0,10,6341.3,23.51,2.35,0.0,0.0,6.6,8.5,18497,Coritiba,634.13,0.0,0.0,0.6599999999999999,0.85,1
Andrey,25,175.0,26,4803.22,24.8,2.32,0.0,0.0,4.62,6.42,18498,Coritiba,184.73923076923077,0.0,0.0,0.1776923076923077,0.2469230769230769,1
Bruno Gomes,22,175.0,29,8515.57,25.44,2.32,0.0,0.0,10.41,14.97,18499,Coritiba,293.6403448275862,0.0,0.0,0.3589655172413793,0.5162068965517241,1
Boschilia,27,173.0,11,3608.7,24.46,2.3,0.0,0.0,5.82,6.36,18501,Coritiba,328.06363636363636,0.0,0.0,0.5290909090909092,0.5781818181818182,1
Alef Manga,28,190.0,10,8311.84,23.09,2.46,0.0,0.0,4.7,10.4,18502,Coritiba,831.184,0.0,0.0,0.47000000000000003,1.04,1
William Pottker,29,182.0,4,3281.3,23.02,2.37,0.0,0.0,5.0,2.75,18504,Coritiba,820.325,0.0,0.0,1.25,0.6875,1
Kaio César,19,168.0,24,3951.08,23.16,2.53,0.0,0.0,4.42,5.33,18505,Coritiba,164.62833333333333,0.0,0.0,0.18416666666666667,0.22208333333333333,1
Zé Roberto,29,184.0,10,5749.91,31.76,2.39,0.0,0.0,5.2,7.9,18507,Coritiba,574.991,0.0,0.0,0.52,0.79,1
Reynaldo,26,186.0,6,4489.57,23.14,2.24,0.0,0.0,4.83,7.33,18513,Coritiba,748.2616666666667,0.0,0.0,0.805,1.2216666666666667,1
Robson,32,175.0,32,7803.23,28.04,2.43,0.0,0.0,11.56,11.91,18566,Coritiba,243.8509375,0.0,0.0,0.36125,0.3721875,1
Gabriel,30,194.0,31,4687.7,21.39,1.46,0.0,0.0,3.03,3.23,18574,Coritiba,151.21612903225807,0.0,0.0,0.09774193548387096,0.10419354838709677,0
Henrique,36,185.0,24,8275.18,24.33,2.28,0.0,0.0,5.79,7.04,18575,Coritiba,344.7991666666667,0.0,0.0,0.24125,0.29333333333333333,1
Gabriel Silva,21,178.0,4,3209.29,23.65,2.27,0.0,0.0,5.5,9.0,18581,Coritiba,802.3225,0.0,0.0,1.375,2.25,1
Vilar,23,190.0,1,8569.32,22.94,2.38,0.0,0.0,2.0,4.0,18696,Coritiba,8569.32,0.0,0.0,2.0,4.0,2
Matheus Bianqui,25,187.0,28,5712.65,26.26,2.48,0.0,0.0,7.61,9.0,18720,Coritiba,204.02321428571426,0.0,0.0,0.2717857142857143,0.32142857142857145,1
Marcos Vinícius,26,176.0,5,4008.59,22.18,2.38,0.0,0.0,3.4,4.8,18721,Coritiba,801.7180000000001,0.0,0.0,0.6799999999999999,0.96,1
Thiago Dombroski,21,190.0,7,6835.42,25.23,2.25,0.0,0.0,6.86,9.43,18814,Coritiba,976.4885714285714,0.0,0.0,0.9800000000000001,1.3471428571428572,1
Wesley Pombo,20,178.0,1,5336.85,23.13,2.39,0.0,0.0,5.0,12.0,18815,Coritiba,5336.85,0.0,0.0,5.0,12.0,2
Diogo Batista,19,173.0,11,5095.36,22.3,2.46,0.0,0.0,6.82,7.0,18833,Coritiba,463.21454545454543,0.0,0.0,0.62,0.6363636363636364,1
Ruan Assis,19,180.4719562243502,4,1283.66,19.79,2.36,0.0,0.0,1.75,1.25,18951,Coritiba,320.915,0.0,0.0,0.4375,0.3125,1
Pedro Luccas,19,191.0,3,4932.94,20.53,1.55,0.0,0.0,1.0,1.67,19567,Coritiba,1644.3133333333333,0.0,0.0,0.3333333333333333,0.5566666666666666,0
Lucas Ronier,19,163.0,2,3255.63,23.4,2.35,0.0,0.0,4.5,6.0,19568,Coritiba,1627.815,0.0,0.0,2.25,3.0,1
Edu,30,180.0,10,3488.31,21.68,2.59,0.0,0.0,4.2,4.6,19608,Coritiba,348.831,0.0,0.0,0.42000000000000004,0.45999999999999996,1
Maurício Garcez,26,183.0,14,4685.97,22.7,2.65,0.0,0.0,4.64,5.86,20686,Coritiba,334.71214285714285,0.0,0.0,0.3314285714285714,0.4185714285714286,1
Hayner,28,178.0,8,4184.33,23.41,2.45,0.0,0.0,7.25,7.12,23130,Coritiba,523.04125,0.0,0.0,0.90625,0.89,1
Maurício Antônio,31,183.0,3,6111.29,23.99,2.49,0.0,0.0,4.67,5.33,23352,Coritiba,2037.0966666666666,0.0,0.0,1.5566666666666666,1.7766666666666666,1
Éberth,20,195.0,1,2448.22,22.16,2.99,0.0,0.0,1.0,1.0,24914,Coritiba,2448.22,0.0,0.0,1.0,1.0,1
Lucas Moura,31,172.0,14,6405.1,23.79,2.73,0.0,0.0,2.0,0.79,85,São_Paulo_FC,457.50714285714287,0.0,0.0,0.14285714285714285,0.05642857142857143,1
Jhegson Méndez,26,170.0,7,5501.96,20.75,2.56,0.0,0.0,3.29,3.71,1034,São_Paulo_FC,785.9942857142858,0.0,0.0,0.47000000000000003,0.53,1
James Rodríguez,32,181.0,12,5588.46,22.83,2.86,0.0,0.0,0.83,0.75,1690,São_Paulo_FC,465.705,0.0,0.0,0.06916666666666667,0.0625,1
Alan Franco,26,183.0,13,8795.29,28.09,2.55,0.0,0.0,3.62,3.15,2346,São_Paulo_FC,676.5607692307693,0.0,0.0,0.2784615384615385,0.2423076923076923,1
Alexandre Pato,33,180.0,9,2279.8,19.86,2.6,0.0,0.0,1.44,0.78,2493,São_Paulo_FC,253.31111111111113,0.0,0.0,0.16,0.08666666666666667,1
Marcos Paulo,22,186.0,15,3736.82,21.74,2.52,0.0,0.0,2.8,2.53,13223,São_Paulo_FC,249.12133333333335,0.0,0.0,0.18666666666666665,0.16866666666666666,1
Erison,24,180.0,13,3286.57,21.72,2.73,0.0,0.0,0.23,0.15,13500,São_Paulo_FC,252.81307692307695,0.0,0.0,0.017692307692307695,0.011538461538461537,1
Robert Arboleda,31,189.0,20,8678.67,23.99,2.48,0.0,0.0,3.05,2.95,13936,São_Paulo_FC,433.9335,0.0,0.0,0.1525,0.14750000000000002,1
Michel Araújo,26,178.0,32,5948.2,21.44,2.78,0.0,0.0,1.53,2.47,16140,São_Paulo_FC,185.88125,0.0,0.0,0.0478125,0.0771875,1
Jandrei,30,186.0,5,4852.07,22.08,1.44,0.0,0.0,2.6,3.0,17873,São_Paulo_FC,970.414,0.0,0.0,0.52,0.6,0
Nahuel Ferraresi,24,190.0,1,799.43,18.09,3.6,0.0,0.0,0.0,0.0,17876,São_Paulo_FC,799.43,0.0,0.0,0.0,0.0,1
Lucas Beraldo,19,186.0,24,9342.17,22.45,2.55,0.0,0.0,2.33,2.88,17877,São_Paulo_FC,389.25708333333336,0.0,0.0,0.09708333333333334,0.12,1
Matheus Belém,20,186.0,2,8031.47,21.47,2.22,0.0,0.0,2.0,3.5,17878,São_Paulo_FC,4015.735,0.0,0.0,1.0,1.75,1
Welington,22,175.0,16,6055.6,22.02,2.81,0.0,0.0,1.75,1.19,17879,São_Paulo_FC,378.475,0.0,0.0,0.109375,0.074375,1
Patryck,20,181.0,6,6146.74,23.61,2.15,0.0,0.0,4.0,5.33,17880,São_Paulo_FC,1024.4566666666667,0.0,0.0,0.6666666666666666,0.8883333333333333,1
João Moreira,19,176.0,1,6442.4,20.49,1.83,0.0,0.0,0.0,1.0,17882,São_Paulo_FC,6442.4,0.0,0.0,0.0,1.0,0
Pablo Maia,21,178.0,32,8783.56,25.36,2.64,0.0,0.0,3.78,3.69,17884,São_Paulo_FC,274.48625,0.0,0.0,0.118125,0.1153125,1
Gabriel Neves,25,171.0,20,5170.8,23.56,2.53,0.0,0.0,1.65,1.3,17885,São_Paulo_FC,258.54,0.0,0.0,0.08249999999999999,0.065,1
Rodrigo Nestor,22,175.0,25,5935.57,23.58,2.71,0.0,0.0,1.8,1.72,17886,São_Paulo_FC,237.4228,0.0,0.0,0.07200000000000001,0.0688,1
Talles Costa,21,176.0,7,2441.35,19.22,2.55,0.0,0.0,2.0,1.86,17887,São_Paulo_FC,348.7642857142857,0.0,0.0,0.2857142857142857,0.26571428571428574,1
Wellington Rato,31,172.0,32,5744.35,25.4,2.62,0.0,0.0,2.19,2.47,17890,São_Paulo_FC,179.5109375,0.0,0.0,0.0684375,0.0771875,1
David,27,180.0,22,3579.65,22.14,2.74,0.0,0.0,1.36,1.45,17891,São_Paulo_FC,162.71136363636364,0.0,0.0,0.06181818181818182,0.0659090909090909,1
Caio Paulista,25,184.0,28,7710.42,22.2,2.64,0.0,0.0,2.0,2.04,17893,São_Paulo_FC,275.3721428571429,0.0,0.0,0.07142857142857142,0.07285714285714286,1
Jonathan Calleri,29,181.0,19,7191.59,22.98,2.49,0.0,0.0,2.11,1.95,17894,São_Paulo_FC,378.5047368421053,0.0,0.0,0.11105263157894736,0.10263157894736842,1
Luciano,30,180.0,34,6451.78,23.73,2.65,0.0,0.0,1.91,2.44,17895,São_Paulo_FC,189.75823529411764,0.0,0.0,0.05617647058823529,0.07176470588235294,1
Juan,21,177.0,27,4967.8,22.45,2.58,0.0,0.0,1.93,1.96,17896,São_Paulo_FC,183.9925925925926,0.0,0.0,0.07148148148148148,0.0725925925925926,1
Diego Costa,24,184.0,23,7805.89,22.64,2.61,0.0,0.0,1.96,1.17,18071,São_Paulo_FC,339.38652173913044,0.0,0.0,0.08521739130434783,0.0508695652173913,1
Rodriguinho,19,185.0,11,2702.2,20.49,2.62,0.0,0.0,2.36,2.18,18072,São_Paulo_FC,245.65454545454543,0.0,0.0,0.21454545454545454,0.1981818181818182,1
Alisson,30,174.0,35,6594.8,23.53,2.7,0.0,0.0,2.8,2.91,18073,São_Paulo_FC,188.42285714285714,0.0,0.0,0.08,0.08314285714285714,1
Rafael,34,192.0,33,4899.03,21.45,1.49,0.0,0.0,1.58,1.36,18102,São_Paulo_FC,148.45545454545453,0.0,0.0,0.04787878787878788,0.041212121212121214,0
Rafinha,37,172.0,25,8408.16,21.95,2.57,0.0,0.0,2.6,2.2,18103,São_Paulo_FC,336.3264,0.0,0.0,0.10400000000000001,0.08800000000000001,1
Luan,24,175.0,11,5645.46,23.58,2.45,0.0,0.0,0.91,1.73,18104,São_Paulo_FC,513.2236363636364,0.0,0.0,0.08272727272727273,0.15727272727272726,1
Nathan Mendes,21,182.0,21,5903.75,20.61,2.63,0.0,0.0,0.86,0.52,18112,São_Paulo_FC,281.1309523809524,0.0,0.0,0.04095238095238095,0.024761904761904763,1
Raí Ramos,29,179.0,6,4685.17,23.39,2.45,0.0,0.0,1.17,2.33,18395,São_Paulo_FC,780.8616666666667,0.0,0.0,0.19499999999999998,0.38833333333333336,1
Pedro Vilhena,21,180.4719562243502,1,2763.98,18.45,2.38,0.0,0.0,1.0,0.0,18679,São_Paulo_FC,2763.98,0.0,0.0,1.0,0.0,1
Felipe Negrucci,19,180.4719562243502,1,2030.76,19.62,2.13,0.0,0.0,0.0,0.0,18862,São_Paulo_FC,2030.76,0.0,0.0,0.0,0.0,1
William Gomes,17,180.4719562243502,3,2727.68,17.91,2.44,0.0,0.0,0.0,0.0,24543,São_Paulo_FC,909.2266666666666,0.0,0.0,0.0,0.0,1
Talles Wander,20,180.0,2,1436.13,17.91,2.53,0.0,0.0,0.0,0.0,24556,São_Paulo_FC,718.065,0.0,0.0,0.0,0.0,1
Yeferson Soteldo,26,160.0,22,7560.38,24.41,2.37,0.0,0.0,11.05,11.45,3084,Santos_FC,343.6536363636364,0.0,0.0,0.5022727272727273,0.5204545454545454,1
Julio Furch,34,188.0,22,3317.33,22.19,2.31,0.0,0.0,4.55,5.27,3562,Santos_FC,150.78772727272727,0.0,0.0,0.20681818181818182,0.23954545454545453,1
Jean Lucas,25,179.0,22,9114.7,25.76,2.28,0.0,0.0,14.09,13.18,3893,Santos_FC,414.30454545454546,0.0,0.0,0.6404545454545455,0.5990909090909091,1
Maximiliano Silvera,26,176.0,12,4466.48,22.83,2.34,0.0,0.0,4.67,10.0,7385,Santos_FC,372.20666666666665,0.0,0.0,0.38916666666666666,0.8333333333333334,1
Joao Basso,26,187.0,14,8591.28,24.78,2.28,0.0,0.0,8.79,10.86,11717,Santos_FC,613.6628571428572,0.0,0.0,0.6278571428571428,0.7757142857142857,1
Junior Caicara,34,173.0,5,3696.52,21.52,2.7,0.0,0.0,3.8,3.2,12107,Santos_FC,739.304,0.0,0.0,0.76,0.64,1
Tomas Rincon,35,177.0,16,8260.05,23.69,2.41,0.0,0.0,9.12,9.06,12769,Santos_FC,516.253125,0.0,0.0,0.57,0.56625,1
Daniel Ruiz Rivera,21,171.0,9,3553.56,23.39,2.48,0.0,0.0,5.22,7.22,16378,Santos_FC,394.84,0.0,0.0,0.58,0.8022222222222222,1
Dodô,31,177.0,18,8154.2,23.84,2.47,0.0,0.0,7.67,8.17,16726,Santos_FC,453.0111111111111,0.0,0.0,0.4261111111111111,0.4538888888888889,1
Vladimir,34,192.0,3,3592.72,21.03,1.56,0.0,0.0,1.33,0.33,17948,Santos_FC,1197.5733333333333,0.0,0.0,0.44333333333333336,0.11,0
Eduardo Bauermann,27,187.0,3,9281.93,23.27,2.18,0.0,0.0,11.67,20.0,17951,Santos_FC,3093.976666666667,0.0,0.0,3.89,6.666666666666667,2
Maicon,34,191.0,1,4400.32,23.01,1.96,0.0,0.0,6.0,13.0,17952,Santos_FC,4400.32,0.0,0.0,6.0,13.0,2
Messias,28,191.0,28,8438.11,22.82,2.21,0.0,0.0,5.75,8.14,17953,Santos_FC,301.36107142857145,0.0,0.0,0.20535714285714285,0.29071428571428576,1
Alex,24,189.0,6,7795.09,26.08,2.5,0.0,0.0,7.0,7.33,17954,Santos_FC,1299.1816666666666,0.0,0.0,1.1666666666666667,1.2216666666666667,1
Joaquim,24,190.0,31,8821.54,24.74,2.31,0.0,0.0,7.03,9.13,17955,Santos_FC,284.56580645161296,0.0,0.0,0.2267741935483871,0.2945161290322581,1
Felipe Jonatan,25,172.0,1,9534.75,23.01,2.65,0.0,0.0,8.0,17.0,17957,Santos_FC,9534.75,0.0,0.0,8.0,17.0,2
Lucas Pires,22,182.0,9,7162.47,22.87,2.48,0.0,0.0,6.67,12.33,17958,Santos_FC,795.83,0.0,0.0,0.741111111111111,1.37,1
Kevyson,19,178.0,17,5924.01,24.19,2.58,0.0,0.0,4.12,4.94,17959,Santos_FC,348.47117647058826,0.0,0.0,0.2423529411764706,0.29058823529411765,1
João Lucas,25,181.0,15,5491.06,22.17,2.48,0.0,0.0,5.2,6.07,17960,Santos_FC,366.0706666666667,0.0,0.0,0.3466666666666667,0.4046666666666667,1
Cadu,21,170.0,1,1847.3,23.12,2.62,0.0,0.0,1.0,1.0,17961,Santos_FC,1847.3,0.0,0.0,1.0,1.0,1
Vinicius Balieiro,24,178.0,3,1502.0,21.06,2.38,0.0,0.0,3.33,2.0,17962,Santos_FC,500.6666666666667,0.0,0.0,1.11,0.6666666666666666,1
Rodrigo Fernández,27,174.0,30,7654.82,22.99,2.22,0.0,0.0,7.63,11.47,17963,Santos_FC,255.16066666666666,0.0,0.0,0.25433333333333336,0.38233333333333336,1
Alison,30,182.0,5,3268.21,22.87,2.45,0.0,0.0,3.6,3.6,17964,Santos_FC,653.642,0.0,0.0,0.72,0.72,1
Guilherme Camacho,33,181.0,11,4677.82,22.4,2.25,0.0,0.0,5.09,7.82,17965,Santos_FC,425.25636363636363,0.0,0.0,0.4627272727272727,0.7109090909090909,1
Sandry,20,174.0,5,4071.79,23.22,2.18,0.0,0.0,4.2,7.0,17966,Santos_FC,814.358,0.0,0.0,0.8400000000000001,1.4,1
Ivonei,21,175.0,1,859.53,22.22,2.15,0.0,0.0,0.0,3.0,17968,Santos_FC,859.53,0.0,0.0,0.0,3.0,1
Dodi,27,170.0,28,6836.34,22.74,2.28,0.0,0.0,8.96,9.57,17969,Santos_FC,244.155,0.0,0.0,0.32,0.3417857142857143,1
Ed Carlos,22,186.0,4,1616.98,20.88,2.49,0.0,0.0,0.0,1.0,17971,Santos_FC,404.245,0.0,0.0,0.0,0.25,1
Lucas Braga,26,184.0,27,7858.37,25.91,2.53,0.0,0.0,8.33,9.07,17972,Santos_FC,291.05074074074076,0.0,0.0,0.3085185185185185,0.33592592592592596,1
Stiven Mendoza,31,172.0,26,6828.11,23.49,2.33,0.0,0.0,11.5,12.81,17973,Santos_FC,262.6196153846154,0.0,0.0,0.4423076923076923,0.4926923076923077,1
Ângelo Gabriel,18,182.0,12,4977.29,23.07,2.45,0.0,0.0,10.42,11.58,17974,Santos_FC,414.77416666666664,0.0,0.0,0.8683333333333333,0.965,1
Lucas Barbosa,22,193.0,4,3152.49,23.4,2.56,0.0,0.0,5.0,5.0,17975,Santos_FC,788.1225,0.0,0.0,1.25,1.25,1
Marcos Leonardo,20,176.0,31,8371.96,23.27,2.34,0.0,0.0,10.0,10.55,17976,Santos_FC,270.0632258064516,0.0,0.0,0.3225806451612903,0.3403225806451613,1
Lucas Lima,33,176.0,35,7063.43,23.83,2.36,0.0,0.0,5.89,11.09,18081,Santos_FC,201.81228571428574,0.0,0.0,0.1682857142857143,0.31685714285714284,1
João Paulo,28,189.0,36,4525.23,21.69,1.36,0.0,0.0,2.61,3.11,18107,Santos_FC,125.70083333333332,0.0,0.0,0.0725,0.08638888888888889,0
Luiz Felipe,29,189.0,1,313.3,15.06,1.92,0.0,0.0,0.0,0.0,18108,Santos_FC,313.3,0.0,0.0,0.0,0.0,0
Nathan,21,183.0,7,7358.54,25.87,2.62,0.0,0.0,8.29,7.86,18114,Santos_FC,1051.22,0.0,0.0,1.1842857142857142,1.122857142857143,1
Miguel Terceros,18,177.0,2,2380.82,22.75,2.58,0.0,0.0,3.0,5.0,18304,Santos_FC,1190.41,0.0,0.0,1.5,2.5,1
Deivid Washington,17,187.0,9,5073.14,21.77,2.47,0.0,0.0,5.44,5.0,18305,Santos_FC,563.6822222222222,0.0,0.0,0.6044444444444445,0.5555555555555556,1
Gabriel Inocêncio,28,175.0,22,6325.27,24.29,2.52,0.0,0.0,9.32,9.73,18614,Santos_FC,287.5122727272728,0.0,0.0,0.42363636363636364,0.4422727272727273,1
Bruno Mezenga,34,185.0,9,2327.08,21.51,2.36,0.0,0.0,0.33,1.67,18615,Santos_FC,258.56444444444446,0.0,0.0,0.03666666666666667,0.18555555555555556,1
Luan Dias,25,181.0,8,2814.63,24.51,2.54,0.0,0.0,2.88,4.38,18697,Santos_FC,351.82875,0.0,0.0,0.36,0.5475,1
Weslley Patati,19,164.0,9,2039.75,22.42,2.62,0.0,0.0,3.44,2.78,18902,Santos_FC,226.63888888888889,0.0,0.0,0.38222222222222224,0.3088888888888889,1
Nonato,25,175.0,14,5531.65,25.0,2.3,0.0,0.0,6.36,8.71,22100,Santos_FC,395.11785714285713,0.0,0.0,0.4542857142857143,0.6221428571428572,1
Alfredo Morelos,27,177.0,3,3305.83,22.84,2.04,0.0,0.0,2.67,5.33,23510,Santos_FC,1101.9433333333334,0.0,0.0,0.89,1.7766666666666666,1
Jair Paula,18,195.0,2,1988.22,21.05,2.61,0.0,0.0,0.5,1.0,24122,Santos_FC,994.11,0.0,0.0,0.25,0.5,1
Cristian Pavon,27,174.0,32,5951.32,23.3,2.53,0.0,0.0,2.78,2.44,854,Atlético_Mineiro,185.97875,0.0,0.0,0.086875,0.07625,1
Otavio,29,173.0,26,9409.31,23.85,2.54,0.0,0.0,4.96,4.54,4270,Atlético_Mineiro,361.89653846153846,0.0,0.0,0.19076923076923077,0.17461538461538462,1
Paulinho,23,177.0,35,8609.65,26.29,2.62,0.0,0.0,7.57,6.8,4596,Atlético_Mineiro,245.98999999999998,0.0,0.0,0.2162857142857143,0.19428571428571428,1
Jemerson,30,184.0,31,7718.42,23.88,2.42,0.0,0.0,2.9,2.32,6644,Atlético_Mineiro,248.98129032258063,0.0,0.0,0.0935483870967742,0.07483870967741935,1
Alan Franco,25,175.0,17,5191.93,22.92,2.62,0.0,0.0,2.94,2.06,7571,Atlético_Mineiro,305.40764705882356,0.0,0.0,0.17294117647058824,0.1211764705882353,1
Pedrinho,25,172.0,15,4334.36,21.99,2.49,0.0,0.0,2.6,2.33,9176,Atlético_Mineiro,288.95733333333334,0.0,0.0,0.17333333333333334,0.15533333333333335,1
Mauricio Lemos,27,187.0,26,8352.43,26.47,2.4,0.0,0.0,2.96,3.77,11939,Atlético_Mineiro,321.2473076923077,0.0,0.0,0.11384615384615385,0.145,1
Rodrigo Battaglia,31,187.0,21,8340.23,22.87,2.33,0.0,0.0,3.9,4.0,13211,Atlético_Mineiro,397.1538095238095,0.0,0.0,0.18571428571428572,0.19047619047619047,1
Eduardo Vargas,33,174.0,12,4149.21,23.23,2.37,0.0,0.0,0.83,1.42,15800,Atlético_Mineiro,345.7675,0.0,0.0,0.06916666666666667,0.11833333333333333,1
Guilherme Arana,26,176.0,27,8854.92,24.74,2.5,0.0,0.0,4.11,4.33,15801,Atlético_Mineiro,327.96,0.0,0.0,0.15222222222222223,0.16037037037037039,1
Alan Kardec,34,190.0,14,2242.6,21.87,2.52,0.0,0.0,2.0,2.14,15802,Atlético_Mineiro,160.18571428571428,0.0,0.0,0.14285714285714285,0.15285714285714286,1
Matías Zaracho,25,171.0,27,7498.03,27.38,2.44,0.0,0.0,2.3,3.0,15803,Atlético_Mineiro,277.7048148148148,0.0,0.0,0.08518518518518518,0.1111111111111111,1
Igor Rabello,28,190.0,11,6500.57,23.73,2.39,0.0,0.0,3.91,4.09,15804,Atlético_Mineiro,590.960909090909,0.0,0.0,0.35545454545454547,0.3718181818181818,1
Hyoran,29,174.0,12,5631.56,24.54,2.47,0.0,0.0,2.0,2.08,15807,Atlético_Mineiro,469.2966666666667,0.0,0.0,0.16666666666666666,0.17333333333333334,1
Everson,33,192.0,35,4753.97,21.85,1.43,0.0,0.0,1.51,2.17,15808,Atlético_Mineiro,135.82771428571428,0.0,0.0,0.04314285714285714,0.062,0
Mariano,37,177.0,21,7198.9,21.93,2.48,0.0,0.0,4.67,4.33,15809,Atlético_Mineiro,342.8047619047619,0.0,0.0,0.22238095238095237,0.2061904761904762,1
Bruno Fuchs,24,190.0,15,7294.48,21.64,2.47,0.0,0.0,2.4,2.4,15811,Atlético_Mineiro,486.29866666666663,0.0,0.0,0.16,0.16,1
Matheus Mendes,24,191.0,2,5229.45,20.28,1.57,0.0,0.0,0.5,2.5,15812,Atlético_Mineiro,2614.725,0.0,0.0,0.25,1.25,0
Réver,38,192.0,8,1799.22,18.36,2.38,0.0,0.0,0.5,0.12,15813,Atlético_Mineiro,224.9025,0.0,0.0,0.0625,0.015,0
Nathan Silva,26,182.0,4,8645.21,23.21,2.14,0.0,0.0,1.75,1.0,15814,Atlético_Mineiro,2161.3025,0.0,0.0,0.4375,0.25,1
Rubens,22,178.0,24,5588.44,24.31,2.46,0.0,0.0,1.42,1.04,15815,Atlético_Mineiro,232.85166666666666,0.0,0.0,0.059166666666666666,0.043333333333333335,1
Hulk,37,180.0,33,8877.55,24.67,2.52,0.0,0.0,3.97,4.21,15816,Atlético_Mineiro,269.01666666666665,0.0,0.0,0.12030303030303031,0.12757575757575756,1
Edenilson,33,175.0,27,5364.35,21.97,2.45,0.0,0.0,3.19,3.93,15817,Atlético_Mineiro,198.67962962962963,0.0,0.0,0.11814814814814814,0.14555555555555555,1
Dodô,31,177.0,1,5120.9,22.2,2.13,0.0,0.0,0.0,0.0,16726,Atlético_Mineiro,5120.9,0.0,0.0,0.0,0.0,1
Igor Gomes,24,183.0,28,4926.37,22.17,2.52,0.0,0.0,3.04,3.14,16730,Atlético_Mineiro,175.94178571428571,0.0,0.0,0.10857142857142857,0.11214285714285714,1
Patrick,30,176.0,22,2790.7,19.54,2.45,0.0,0.0,0.77,0.86,16740,Atlético_Mineiro,126.85,0.0,0.0,0.035,0.03909090909090909,1
Carlos Eduardo,19,188.0,2,903.97,17.74,2.11,0.0,0.0,0.0,0.0,17005,Atlético_Mineiro,451.985,0.0,0.0,0.0,0.0,0
Renzo Saravia,30,178.0,26,6743.6,27.31,2.48,0.0,0.0,2.77,2.19,17055,Atlético_Mineiro,259.3692307692308,0.0,0.0,0.10653846153846154,0.08423076923076923,1
Isaac,19,185.0,1,1405.89,19.0,3.02,0.0,0.0,0.0,0.0,18364,Atlético_Mineiro,1405.89,0.0,0.0,0.0,0.0,1
Paulo Vitor,18,185.0,1,2000.4,16.74,1.89,0.0,0.0,0.0,0.0,18779,Atlético_Mineiro,2000.4,0.0,0.0,0.0,0.0,0
Alisson,17,180.4719562243502,5,1440.78,24.24,2.56,0.0,0.0,0.2,0.4,19461,Atlético_Mineiro,288.156,0.0,0.0,0.04,0.08,1
Esteban Burgos,31,191.0,4,8385.52,22.26,2.59,0.0,0.0,4.25,5.75,1769,América_Mineiro,2096.38,0.0,0.0,1.0625,1.4375,1
Washington Aguerre,30,187.0,2,5546.9,20.56,1.76,0.0,0.0,4.0,2.0,3697,América_Mineiro,2773.45,0.0,0.0,2.0,1.0,0
Juan Cazares,31,171.0,12,3055.79,22.11,2.57,0.0,0.0,1.42,3.17,14774,América_Mineiro,254.64916666666667,0.0,0.0,0.11833333333333333,0.26416666666666666,1
Everaldo,29,172.0,21,6167.13,23.53,2.49,0.0,0.0,10.24,9.71,16007,América_Mineiro,293.67285714285714,0.0,0.0,0.4876190476190476,0.46238095238095245,1
Renato Kayzer,27,178.0,2,1416.97,19.73,3.05,0.0,0.0,0.0,1.5,16165,América_Mineiro,708.485,0.0,0.0,0.0,0.75,1
Jori,27,190.0,11,4912.26,20.58,1.52,0.0,0.0,1.45,0.45,17897,América_Mineiro,446.5690909090909,0.0,0.0,0.1318181818181818,0.04090909090909091,0
Mateus Pasinato,30,192.0,10,4120.15,21.82,1.23,0.0,0.0,1.9,2.4,17898,América_Mineiro,412.015,0.0,0.0,0.19,0.24,0
Matheus Cavichioli,36,192.0,15,4248.68,21.51,1.24,0.0,0.0,2.47,3.27,17899,América_Mineiro,283.24533333333335,0.0,0.0,0.16466666666666668,0.218,0
Iago Maidana,27,195.0,30,7355.47,23.03,2.28,0.0,0.0,5.3,6.77,17901,América_Mineiro,245.18233333333333,0.0,0.0,0.17666666666666667,0.22566666666666665,1
Éder Ferreira,28,184.0,24,6885.27,23.28,2.21,0.04,0.0,8.5,10.5,17902,América_Mineiro,286.88625,0.0016666666666666668,0.0,0.3541666666666667,0.4375,1
Marlon Lopes,29,177.0,26,6922.3,24.66,2.45,0.04,0.0,10.15,13.04,17903,América_Mineiro,266.2423076923077,0.0015384615384615385,0.0,0.3903846153846154,0.5015384615384615,1
Danilo Avelar,34,185.0,26,8027.47,24.19,2.34,0.0,0.0,8.19,10.35,17904,América_Mineiro,308.74884615384616,0.0,0.0,0.315,0.39807692307692305,1
Nino Paraíba,37,168.0,4,5545.62,23.12,2.48,0.0,0.0,7.0,8.25,17905,América_Mineiro,1386.405,0.0,0.0,1.75,2.0625,1
Lucas Kal,27,186.0,19,7469.29,24.27,2.16,0.0,0.0,12.0,13.53,17906,América_Mineiro,393.12052631578945,0.0,0.0,0.631578947368421,0.7121052631578947,1
Breno Cascardo,19,183.0,24,5711.34,23.66,2.31,0.0,0.0,6.75,7.83,17907,América_Mineiro,237.9725,0.0,0.0,0.28125,0.32625,1
Martín Benítez,29,175.0,20,5786.77,25.0,2.35,0.0,0.0,5.45,6.15,17908,América_Mineiro,289.3385,0.0,0.0,0.2725,0.3075,1
Matheusinho,25,164.0,7,3903.84,22.85,2.17,0.0,0.0,7.0,8.14,17909,América_Mineiro,557.6914285714286,0.0,0.0,1.0,1.162857142857143,1
Alê,33,184.0,27,6264.95,23.36,2.31,0.0,0.0,10.22,11.85,17910,América_Mineiro,232.03518518518518,0.0,0.0,0.37851851851851853,0.4388888888888889,1
Mateus Henrique,20,178.0,12,4930.01,22.66,2.6,0.0,0.0,10.5,9.75,17911,América_Mineiro,410.8341666666667,0.0,0.0,0.875,0.8125,1
Emmanuel Martínez,29,169.0,35,8896.33,24.82,2.3,0.03,0.0,15.8,19.89,17912,América_Mineiro,254.18085714285715,0.0008571428571428571,0.0,0.45142857142857146,0.5682857142857143,1
Mateus Gonçalves,28,172.0,3,2531.32,22.23,2.55,0.0,0.0,1.0,1.33,17913,América_Mineiro,843.7733333333334,0.0,0.0,0.3333333333333333,0.44333333333333336,1
Felipe Azevedo,36,174.0,30,6129.45,23.81,2.33,0.0,0.0,10.57,10.93,17914,América_Mineiro,204.315,0.0,0.0,0.35233333333333333,0.36433333333333334,1
Adyson,18,168.0,8,3696.98,22.68,2.58,0.0,0.0,4.0,6.25,17916,América_Mineiro,462.1225,0.0,0.0,0.5,0.78125,1
Rodrigo Varanda,20,180.0,12,4800.74,22.21,2.51,0.0,0.0,5.92,9.0,17918,América_Mineiro,400.06166666666667,0.0,0.0,0.49333333333333335,0.75,1
Mikael,24,184.0,5,3446.99,21.69,2.15,0.0,0.0,3.4,2.8,17919,América_Mineiro,689.3979999999999,0.0,0.0,0.6799999999999999,0.5599999999999999,1
Gonzalo Mastriani,30,180.0,24,7787.67,24.75,2.26,0.0,0.0,8.88,11.46,17920,América_Mineiro,324.48625,0.0,0.0,0.37000000000000005,0.47750000000000004,1
Henrique Almeida,31,177.0,4,4065.44,22.59,2.31,0.0,0.0,4.5,7.5,17921,América_Mineiro,1016.36,0.0,0.0,1.125,1.875,1
Wellington Paulista,40,180.0,10,2603.9,21.17,2.43,0.0,0.0,1.6,1.1,17922,América_Mineiro,260.39,0.0,0.0,0.16,0.11000000000000001,1
Aloísio,34,170.0,12,6091.15,24.09,2.44,0.0,0.0,5.17,6.33,17923,América_Mineiro,507.5958333333333,0.0,0.0,0.43083333333333335,0.5275,1
Daniel Borges,30,174.0,14,6306.66,24.13,2.32,0.0,0.0,9.29,12.93,17934,América_Mineiro,450.4757142857143,0.0,0.0,0.6635714285714285,0.9235714285714286,1
Wanderson,32,186.0,7,7146.54,26.12,2.23,0.0,0.0,6.71,8.0,18074,América_Mineiro,1020.9342857142857,0.0,0.0,0.9585714285714285,1.1428571428571428,1
Ricardo Silva,31,190.0,20,8395.99,23.19,2.29,0.0,0.0,7.9,8.8,18075,América_Mineiro,419.79949999999997,0.0,0.0,0.395,0.44000000000000006,1
Nicolas,26,181.0,11,6823.12,22.04,2.62,0.0,0.0,7.36,9.91,18076,América_Mineiro,620.2836363636363,0.0,0.0,0.6690909090909091,0.9009090909090909,1
Arthur,20,173.0,1,9617.08,23.29,2.11,0.0,0.0,20.0,11.0,18077,América_Mineiro,9617.08,0.0,0.0,20.0,11.0,2
Juninho,35,173.0,36,9600.42,23.9,2.36,0.0,0.0,11.89,16.64,18078,América_Mineiro,266.67833333333334,0.0,0.0,0.3302777777777778,0.46222222222222226,1
Rodriguinho,20,170.0,20,7092.57,23.23,2.45,0.05,0.0,10.5,11.95,18079,América_Mineiro,354.6285,0.0025,0.0,0.525,0.5974999999999999,1
Pedrinho,23,176.0,8,5669.03,24.81,2.46,0.0,0.0,9.75,12.75,18113,América_Mineiro,708.62875,0.0,0.0,1.21875,1.59375,1
Javier Méndez,28,184.0,7,4428.83,22.15,2.46,0.0,0.0,4.86,4.71,18192,América_Mineiro,632.6899999999999,0.0,0.0,0.6942857142857143,0.6728571428571428,1
Marcinho,27,178.0,12,7039.29,23.22,2.43,0.0,0.0,9.42,9.75,18605,América_Mineiro,586.6075,0.0,0.0,0.785,0.8125,1
Renato Marques,19,180.0,13,4502.55,21.91,2.25,0.0,0.0,5.23,5.38,18810,América_Mineiro,346.35,0.0,0.0,0.40230769230769237,0.41384615384615386,1
Júlio César,20,186.0,9,6692.07,22.8,2.04,0.0,0.0,6.44,11.67,18889,América_Mineiro,743.5633333333333,0.0,0.0,0.7155555555555556,1.2966666666666666,1
Paulinho Bóia,25,171.0,3,4684.47,22.33,2.43,0.0,0.0,8.33,9.33,19901,América_Mineiro,1561.49,0.0,0.0,2.776666666666667,3.11,1
Paulinho,19,180.4719562243502,1,2741.24,23.87,2.27,0.0,0.0,7.0,3.0,23375,América_Mineiro,2741.24,0.0,0.0,7.0,3.0,2
Ighor Gabryel,20,176.0,2,1935.8,22.7,2.39,0.0,0.0,5.5,3.0,24601,América_Mineiro,967.9,0.0,0.0,2.75,1.5,1
Jonathan Alecxander,26,180.0,1,1751.5,22.05,2.42,0.0,0.0,2.0,4.0,24909,América_Mineiro,1751.5,0.0,0.0,2.0,4.0,1
Yago Souza,17,180.4719562243502,1,2027.09,23.55,2.21,0.0,0.0,2.0,4.0,24910,América_Mineiro,2027.09,0.0,0.0,2.0,4.0,1
Yago Santos,20,182.0,1,2279.27,22.84,2.5,0.0,0.0,3.0,2.0,24911,América_Mineiro,2279.27,0.0,0.0,3.0,2.0,1
